"GMSL","year","id"
5.8,1993-01-05,1
2.42,1993-01-15,2
2.46,1993-01-25,3
1.72,1993-02-03,4
6.53,1993-02-13,5
8.3,1993-02-23,6
8.28,1993-03-05,7
8.87,1993-03-15,8
8.92,1993-03-25,9
5.14,1993-04-04,10
6.87,1993-04-14,11
9.87,1993-04-24,12
7.76,1993-05-04,13
5.59,1993-05-14,14
4.16,1993-05-24,15
6.07,1993-06-02,16
8.36,1993-06-12,17
9.17,1993-06-22,18
9.01,1993-07-02,19
8.59,1993-07-12,20
15.93,1993-07-22,21
8.73,1993-08-01,22
10.26,1993-08-11,23
14.12,1993-08-21,24
14.62,1993-08-31,25
13.86,1993-09-10,26
12.41,1993-09-20,27
15.58,1993-09-29,28
17.8,1993-10-09,29
15.05,1993-10-19,30
13.46,1993-10-29,31
12.89,1993-11-08,32
11.93,1993-11-18,33
10.08,1993-11-28,34
12.13,1993-12-08,35
16.03,1993-12-18,36
13.26,1993-12-28,37
11.07,1994-01-07,38
13.53,1994-01-17,39
15.09,1994-01-26,40
10.29,1994-02-05,41
6.98,1994-02-15,42
7.6,1994-02-25,43
12.14,1994-03-07,44
9.15,1994-03-17,45
15.71,1994-03-27,46
12.47,1994-04-06,47
12.7,1994-04-16,48
11.09,1994-04-26,49
9.78,1994-05-06,50
9.2,1994-05-15,51
6.46,1994-05-25,52
8.93,1994-06-04,53
11.78,1994-06-14,54
4.07,1994-06-24,55
5.81,1994-07-04,56
11.58,1994-07-14,57
12.93,1994-07-24,58
13.05,1994-08-03,59
12.72,1994-08-13,60
15.52,1994-08-23,61
17.38,1994-09-02,62
19.01,1994-09-11,63
18.22,1994-09-21,64
17.29,1994-10-01,65
18.83,1994-10-11,66
21.02,1994-10-21,67
18.77,1994-10-31,68
24.37,1994-11-10,69
16,1994-11-20,70
12.28,1994-11-30,71
16.55,1994-12-10,72
18.41,1994-12-20,73
19.46,1994-12-30,74
19.67,1995-01-08,75
16.8,1995-01-18,76
19.13,1995-01-28,77
13.92,1995-02-07,78
10.35,1995-02-17,79
15.48,1995-02-27,80
15.39,1995-03-09,81
20.48,1995-03-19,82
13.79,1995-03-29,83
13.04,1995-04-08,84
13.1,1995-04-18,85
14.25,1995-04-28,86
6.4,1995-05-07,87
10.93,1995-05-17,88
12.6,1995-05-27,89
15.27,1995-06-06,90
12.3,1995-06-16,91
11.06,1995-06-26,92
15.14,1995-07-06,93
12,1995-07-16,94
13.44,1995-07-26,95
14.17,1995-08-05,96
16.16,1995-08-15,97
17.3,1995-08-25,98
20.03,1995-09-03,99
21.55,1995-09-13,100
26.97,1995-09-23,101
21.36,1995-10-03,102
20.31,1995-10-13,103
14.05,1995-10-23,104
19.8,1995-11-02,105
18.8,1995-11-12,106
20.4,1995-11-22,107
0,1995-12-02,108
16.87,1995-12-12,109
22.56,1995-12-22,110
17.66,1995-12-31,111
13.82,1996-01-10,112
12.12,1996-01-20,113
10.75,1996-01-30,114
16.84,1996-02-09,115
13.23,1996-02-19,116
16.93,1996-02-29,117
13.55,1996-03-10,118
15.37,1996-03-20,119
15.33,1996-03-30,120
12.03,1996-04-09,121
11.99,1996-04-19,122
14.82,1996-04-28,123
14.84,1996-05-08,124
13.43,1996-05-18,125
15.3,1996-05-28,126
15.57,1996-06-07,127
10.69,1996-06-17,128
16.26,1996-06-27,129
16.65,1996-07-07,130
18.12,1996-07-17,131
22.3,1996-07-27,132
20.23,1996-08-06,133
20.38,1996-08-15,134
20.28,1996-08-25,135
19.18,1996-09-04,136
21.96,1996-09-14,137
24.35,1996-09-24,138
24.84,1996-10-04,139
17.73,1996-10-14,140
26.34,1996-10-24,141
30.4,1996-11-03,142
25.5,1996-11-13,143
20.41,1996-11-23,144
21.22,1996-12-03,145
21.77,1996-12-12,146
16.04,1996-12-22,147
14.9,1997-01-01,148
17.04,1997-01-11,149
14.39,1997-01-21,150
16.78,1997-01-31,151
9.54,1997-02-10,152
14.92,1997-02-20,153
15.12,1997-03-02,154
14.75,1997-03-12,155
17.04,1997-03-22,156
18.34,1997-04-01,157
19.43,1997-04-10,158
14.44,1997-04-20,159
15.66,1997-04-30,160
18.71,1997-05-10,161
14.71,1997-05-20,162
18.76,1997-05-30,163
13.63,1997-06-09,164
16.11,1997-06-19,165
19,1997-06-29,166
19.71,1997-07-09,167
24.51,1997-07-19,168
24.04,1997-07-29,169
19.43,1997-08-07,170
26.3,1997-08-17,171
28.48,1997-08-27,172
29.36,1997-09-06,173
32,1997-09-16,174
34.22,1997-09-26,175
35.96,1997-10-06,176
32.24,1997-10-16,177
31.17,1997-10-26,178
32.43,1997-11-05,179
28.56,1997-11-15,180
27.81,1997-11-25,181
29.38,1997-12-04,182
21.27,1997-12-14,183
23.04,1997-12-24,184
19.94,1998-01-03,185
23.6,1998-01-13,186
19.37,1998-01-23,187
22.2,1998-02-02,188
22.09,1998-02-12,189
20.9,1998-02-22,190
19.58,1998-03-04,191
22.16,1998-03-14,192
22.12,1998-03-24,193
21.33,1998-04-02,194
23.22,1998-04-12,195
20.73,1998-04-22,196
20.1,1998-05-02,197
17.47,1998-05-12,198
18.96,1998-05-22,199
14.51,1998-06-01,200
15.21,1998-06-11,201
13.96,1998-06-21,202
17.06,1998-07-01,203
16.64,1998-07-11,204
15.13,1998-07-20,205
16.51,1998-07-30,206
16.65,1998-08-09,207
16.4,1998-08-19,208
19.94,1998-08-29,209
21.22,1998-09-08,210
20.58,1998-09-18,211
20.72,1998-09-28,212
21.8,1998-10-08,213
20.2,1998-10-18,214
22.58,1998-10-28,215
20.38,1998-11-07,216
20.21,1998-11-16,217
16.46,1998-11-26,218
20.66,1998-12-06,219
16.72,1998-12-16,220
17.88,1998-12-26,221
16.13,1999-01-05,222
18.02,1999-01-15,223
15.95,1999-01-25,224
13.44,1999-02-04,225
23.94,1999-02-14,226
21.03,1999-02-24,227
22.63,1999-03-06,228
20.83,1999-03-15,229
21.86,1999-03-25,230
19.66,1999-04-04,231
20.72,1999-04-14,232
15.58,1999-04-24,233
17.57,1999-05-04,234
19.49,1999-05-14,235
18.31,1999-05-24,236
19.45,1999-06-03,237
15.99,1999-06-13,238
17.94,1999-06-23,239
19.13,1999-07-03,240
21.21,1999-07-12,241
21.11,1999-07-22,242
22.12,1999-08-01,243
20.85,1999-08-11,244
26.15,1999-08-21,245
22.9,1999-08-31,246
26.82,1999-09-10,247
30.27,1999-09-20,248
29.52,1999-09-30,249
32.81,1999-10-10,250
29.81,1999-10-20,251
29.17,1999-10-30,252
27.81,1999-11-08,253
28.6,1999-11-18,254
26.21,1999-11-28,255
28.29,1999-12-08,256
27.3,1999-12-18,257
26.75,1999-12-28,258
24.71,2000-01-07,259
25.68,2000-01-17,260
25.97,2000-01-27,261
22.21,2000-02-06,262
21.37,2000-02-16,263
24.72,2000-02-26,264
24.6,2000-03-06,265
22.55,2000-03-16,266
26.03,2000-03-26,267
20.7,2000-04-05,268
20.79,2000-04-15,269
21.85,2000-04-25,270
20,2000-05-05,271
21.05,2000-05-15,272
21.15,2000-05-25,273
21,2000-06-04,274
20.03,2000-06-14,275
19.43,2000-06-24,276
21.41,2000-07-03,277
23.29,2000-07-13,278
23.7,2000-07-23,279
21.14,2000-08-02,280
24.97,2000-08-12,281
29.91,2000-08-22,282
27.35,2000-09-01,283
28.51,2000-09-11,284
33.27,2000-09-21,285
35.67,2000-10-01,286
36.34,2000-10-11,287
33.55,2000-10-20,288
42.17,2000-10-30,289
34.29,2000-11-09,290
31.01,2000-11-19,291
29.68,2000-11-29,292
26.11,2000-12-09,293
25.86,2000-12-19,294
28.62,2000-12-29,295
27.3,2001-01-08,296
28.02,2001-01-18,297
26.97,2001-01-28,298
27.81,2001-02-07,299
25.31,2001-02-16,300
29.2,2001-02-26,301
32.18,2001-03-08,302
24.98,2001-03-18,303
28.68,2001-03-28,304
27.73,2001-04-07,305
30.31,2001-04-17,306
28.45,2001-04-27,307
25.78,2001-05-07,308
25.34,2001-05-17,309
25.1,2001-05-27,310
25.09,2001-06-06,311
24.72,2001-06-15,312
29.13,2001-06-25,313
31.68,2001-07-05,314
32.52,2001-07-15,315
28.68,2001-07-25,316
33.57,2001-08-04,317
32.15,2001-08-14,318
34.07,2001-08-24,319
36.12,2001-09-03,320
39.06,2001-09-13,321
40.26,2001-09-23,322
42.29,2001-10-03,323
37.91,2001-10-12,324
34.02,2001-10-22,325
37.85,2001-11-01,326
39.1,2001-11-11,327
34.04,2001-11-21,328
32.54,2001-12-01,329
30.77,2001-12-11,330
31.58,2001-12-21,331
33.01,2001-12-31,332
28.65,2002-01-10,333
30.72,2002-01-20,334
33.84,2002-01-30,335
31.4,2002-02-08,336
30.77,2002-02-18,337
33.77,2002-02-28,338
28.07,2002-03-10,339
29.25,2002-03-20,340
30.19,2002-03-30,341
32.68,2002-04-09,342
28.83,2002-04-19,343
30.09,2002-04-29,344
28.18,2002-05-09,345
29.84,2002-05-19,346
29.76,2002-05-29,347
26.74,2002-06-07,348
27.89,2002-06-17,349
32.64,2002-06-27,350
31.78,2002-07-07,351
34.32,2002-07-17,352
36.12,2002-07-27,353
38.56,2002-08-06,354
42.1,2002-08-16,355
39.12,2002-08-26,356
39.77,2002-09-05,357
41.34,2002-09-15,358
42.24,2002-09-25,359
41.01,2002-10-04,360
43.17,2002-10-14,361
47.78,2002-10-24,362
42.48,2002-11-03,363
42.65,2002-11-13,364
41.95,2002-11-23,365
37.83,2002-12-03,366
37.35,2002-12-13,367
37.74,2002-12-23,368
34.96,2003-01-02,369
32.7,2003-01-12,370
39.71,2003-01-21,371
39.11,2003-01-31,372
40.93,2003-02-10,373
34.88,2003-02-20,374
35,2003-03-02,375
35.92,2003-03-12,376
37.13,2003-03-22,377
36.63,2003-04-01,378
37.14,2003-04-11,379
35.42,2003-04-21,380
33.96,2003-05-01,381
33.99,2003-05-11,382
33.99,2003-05-20,383
33.82,2003-05-30,384
31.22,2003-06-09,385
34.02,2003-06-19,386
33.03,2003-06-29,387
34.57,2003-07-09,388
37.93,2003-07-19,389
36.64,2003-07-29,390
38.44,2003-08-08,391
37.18,2003-08-18,392
42.66,2003-08-28,393
44.47,2003-09-07,394
43.02,2003-09-16,395
43.61,2003-09-26,396
45.05,2003-10-06,397
44.02,2003-10-16,398
46.33,2003-10-26,399
43.04,2003-11-05,400
40.48,2003-11-15,401
35.36,2003-11-25,402
42.06,2003-12-05,403
42.14,2003-12-15,404
38.1,2003-12-25,405
37.77,2004-01-04,406
42.39,2004-01-13,407
42.35,2004-01-23,408
39.79,2004-02-02,409
32.7,2004-02-12,410
37.41,2004-02-22,411
38.91,2004-03-03,412
36.98,2004-03-13,413
36.87,2004-03-23,414
38.46,2004-04-02,415
36.85,2004-04-12,416
38.5,2004-04-22,417
34.13,2004-05-02,418
32.58,2004-05-11,419
28.74,2004-05-21,420
32.29,2004-05-31,421
31.17,2004-06-10,422
33.66,2004-06-20,423
39.36,2004-06-30,424
39.62,2004-07-10,425
38.92,2004-07-20,426
38.07,2004-07-30,427
40.32,2004-08-09,428
44.1,2004-08-19,429
43.97,2004-08-29,430
44.42,2004-09-07,431
48.97,2004-09-17,432
45.82,2004-09-27,433
46.1,2004-10-07,434
47.22,2004-10-17,435
44.85,2004-10-27,436
44.8,2004-11-06,437
44.7,2004-11-16,438
41.03,2004-11-26,439
44.91,2004-12-06,440
43.15,2004-12-16,441
46.82,2004-12-26,442
39.02,2005-01-04,443
38.33,2005-01-14,444
41.98,2005-01-24,445
42.96,2005-02-03,446
42.73,2005-02-13,447
41.5,2005-02-23,448
45.75,2005-03-05,449
44.53,2005-03-15,450
39.1,2005-03-25,451
40.93,2005-04-04,452
44.29,2005-04-14,453
38.6,2005-04-23,454
39.77,2005-05-03,455
40.76,2005-05-13,456
40.88,2005-05-23,457
40.58,2005-06-02,458
40.71,2005-06-12,459
41.89,2005-06-22,460
40.73,2005-07-02,461
44.03,2005-07-12,462
42.3,2005-07-22,463
45.73,2005-08-01,464
43.84,2005-08-11,465
44.95,2005-08-20,466
46.89,2005-08-30,467
48.12,2005-09-09,468
50.37,2005-09-19,469
50.63,2005-09-29,470
50.23,2005-10-09,471
47.3,2005-10-19,472
48.32,2005-10-29,473
51.57,2005-11-08,474
50.06,2005-11-18,475
50.08,2005-11-28,476
48.22,2005-12-08,477
47.12,2005-12-17,478
46.49,2005-12-27,479
43.44,2006-01-06,480
42.21,2006-01-16,481
42.47,2006-01-26,482
42.46,2006-02-05,483
41.22,2006-02-15,484
42.23,2006-02-25,485
44.62,2006-03-07,486
38.38,2006-03-17,487
40.37,2006-03-27,488
41.24,2006-04-06,489
39.21,2006-04-15,490
37.95,2006-04-25,491
37.95,2006-05-05,492
41.06,2006-05-15,493
42.88,2006-05-25,494
41.28,2006-06-04,495
42.64,2006-06-14,496
43.3,2006-06-24,497
45.88,2006-07-04,498
47.28,2006-07-14,499
46.47,2006-07-24,500
46.64,2006-08-03,501
44.59,2006-08-12,502
47.51,2006-08-22,503
51.35,2006-09-01,504
53.88,2006-09-11,505
55.26,2006-09-21,506
51.19,2006-10-01,507
51.13,2006-10-11,508
53.77,2006-10-21,509
53.58,2006-10-31,510
51.93,2006-11-20,511
47.61,2006-11-30,512
50.41,2006-12-09,513
46.97,2006-12-19,514
46.98,2006-12-29,515
45.58,2007-01-08,516
44.18,2007-01-18,517
43.79,2007-01-28,518
43.32,2007-02-07,519
44.32,2007-02-17,520
48.34,2007-02-27,521
45.07,2007-03-09,522
44.25,2007-03-19,523
42.76,2007-03-29,524
45.66,2007-04-07,525
45.35,2007-04-17,526
44.09,2007-04-27,527
39.12,2007-05-07,528
42.18,2007-05-17,529
42.63,2007-05-27,530
42.64,2007-06-06,531
42.34,2007-06-16,532
43.67,2007-06-26,533
44.39,2007-07-06,534
43.19,2007-07-16,535
42.01,2007-07-25,536
43.79,2007-08-04,537
49.75,2007-08-14,538
47.24,2007-08-24,539
46.41,2007-09-03,540
47.61,2007-09-13,541
51.46,2007-09-23,542
49.65,2007-10-03,543
49.14,2007-10-13,544
52.13,2007-10-23,545
49.83,2007-11-02,546
51.64,2007-11-12,547
52.72,2007-11-21,548
50.68,2007-12-01,549
49.21,2007-12-11,550
44.02,2007-12-21,551
43.32,2007-12-31,552
45.67,2008-01-10,553
46.74,2008-01-20,554
45.54,2008-01-30,555
41.59,2008-02-09,556
44.06,2008-02-19,557
41.51,2008-02-29,558
43.85,2008-03-10,559
44.21,2008-03-19,560
42.05,2008-03-29,561
41.52,2008-04-08,562
41.51,2008-04-18,563
38.86,2008-04-28,564
40.73,2008-05-08,565
45.31,2008-05-18,566
48.31,2008-05-28,567
46.61,2008-06-07,568
47.45,2008-06-17,569
48.76,2008-06-27,570
48.2,2008-07-07,571
47.95,2008-07-16,572
48.81,2008-07-26,573
48.88,2008-08-05,574
51.99,2008-08-15,575
51.5,2008-08-25,576
52.6,2008-09-04,577
51.66,2008-09-14,578
53.55,2008-09-24,579
54.32,2008-10-04,580
54.95,2008-10-14,581
55.17,2008-10-24,582
53.27,2008-11-03,583
53,2008-11-12,584
51.38,2008-11-22,585
55.71,2008-12-02,586
51.05,2008-12-12,587
47.54,2008-12-22,588
48.61,2009-01-01,589
48.15,2009-01-11,590
49.94,2009-01-21,591
47.16,2009-01-31,592
46.3,2009-02-10,593
48.81,2009-02-20,594
49.08,2009-03-02,595
48.92,2009-03-11,596
49.61,2009-03-21,597
48.41,2009-03-31,598
47.46,2009-04-10,599
47.78,2009-04-20,600
47.07,2009-04-30,601
48.21,2009-05-10,602
46.86,2009-05-20,603
45.2,2009-05-30,604
48.02,2009-06-09,605
48.94,2009-06-19,606
47.58,2009-06-29,607
46.99,2009-07-08,608
50.56,2009-07-18,609
55.84,2009-07-28,610
54.27,2009-08-07,611
54.62,2009-08-17,612
56.58,2009-08-27,613
58.48,2009-09-06,614
61.03,2009-09-16,615
61.42,2009-09-26,616
60.79,2009-10-06,617
61.74,2009-10-16,618
63.22,2009-10-25,619
63.82,2009-11-04,620
59.79,2009-11-14,621
60.71,2009-11-24,622
58.23,2009-12-04,623
54.66,2009-12-14,624
58.79,2009-12-24,625
54.51,2010-01-03,626
54.25,2010-01-13,627
52.69,2010-01-23,628
50.12,2010-02-02,629
54.43,2010-02-12,630
57.5,2010-02-21,631
59.12,2010-03-03,632
51.09,2010-03-13,633
51.74,2010-03-23,634
50.96,2010-04-02,635
52.76,2010-04-12,636
51.83,2010-04-22,637
50.51,2010-05-02,638
51.39,2010-05-12,639
54.62,2010-05-22,640
53.34,2010-06-01,641
54.17,2010-06-11,642
55.64,2010-06-20,643
54.92,2010-06-30,644
52.97,2010-07-10,645
55.03,2010-07-20,646
54.86,2010-07-30,647
53.58,2010-08-09,648
55.64,2010-08-19,649
52.08,2010-08-29,650
55.17,2010-09-08,651
56.62,2010-09-18,652
55.52,2010-09-28,653
54.34,2010-10-08,654
58.62,2010-10-17,655
56.7,2010-10-27,656
54.31,2010-11-06,657
54.54,2010-11-16,658
51.15,2010-11-26,659
51.1,2010-12-06,660
50.18,2010-12-16,661
51.91,2010-12-26,662
49.55,2011-01-05,663
48.41,2011-01-15,664
48.54,2011-01-25,665
48.82,2011-02-04,666
49.15,2011-02-13,667
48.87,2011-02-23,668
47.58,2011-03-05,669
47.73,2011-03-15,670
43.6,2011-03-25,671
46.31,2011-04-04,672
46.31,2011-04-14,673
45.54,2011-04-24,674
42.42,2011-05-04,675
47.29,2011-05-14,676
47.94,2011-05-24,677
46.61,2011-06-03,678
50.67,2011-06-12,679
53.67,2011-06-22,680
50.73,2011-07-02,681
51.06,2011-07-12,682
51.7,2011-07-22,683
53.69,2011-08-01,684
58.21,2011-08-11,685
59.1,2011-08-21,686
61.13,2011-08-31,687
60.37,2011-09-10,688
58.47,2011-09-20,689
60.55,2011-09-30,690
62.42,2011-10-09,691
64.37,2011-10-19,692
58.64,2011-10-29,693
56.24,2011-11-08,694
57.31,2011-11-18,695
60.41,2011-11-28,696
57.91,2011-12-08,697
56.72,2011-12-18,698
56.29,2011-12-28,699
59.14,2012-01-07,700
58.22,2012-01-17,701
59.91,2012-01-26,702
58.67,2012-02-05,703
59.64,2012-02-15,704
58.66,2012-02-25,705
56.83,2012-03-06,706
56.74,2012-03-16,707
57.78,2012-03-26,708
56.43,2012-04-05,709
56.88,2012-04-15,710
57.64,2012-04-25,711
57.04,2012-05-05,712
57.58,2012-05-15,713
55.72,2012-05-24,714
57.42,2012-06-03,715
61.86,2012-06-13,716
60.27,2012-06-23,717
60.22,2012-07-03,718
64.69,2012-07-13,719
67.16,2012-07-23,720
66.39,2012-08-02,721
67.37,2012-08-12,722
64.4,2012-08-22,723
69.36,2012-09-01,724
69.21,2012-09-11,725
72.53,2012-09-20,726
72.61,2012-09-30,727
73.34,2012-10-10,728
71.41,2012-10-20,729
71.12,2012-10-30,730
71.33,2012-11-09,731
70.24,2012-11-19,732
69.08,2012-11-29,733
71.67,2012-12-09,734
67.51,2012-12-19,735
68.82,2012-12-29,736
67.05,2013-01-08,737
65.8,2013-01-17,738
68.2,2013-01-27,739
67.64,2013-02-06,740
65.71,2013-02-16,741
65.94,2013-02-26,742
67.11,2013-03-08,743
66.1,2013-03-18,744
66.37,2013-03-28,745
64.75,2013-04-07,746
60.3,2013-04-17,747
62.63,2013-04-27,748
62.93,2013-05-07,749
60.14,2013-05-16,750
59.1,2013-05-26,751
59.46,2013-06-05,752
59.58,2013-06-15,753
61.63,2013-06-25,754
60.58,2013-07-05,755
61.66,2013-07-15,756
65.11,2013-07-25,757
66.47,2013-08-04,758
62.64,2013-08-14,759
65.67,2013-08-24,760
67.81,2013-09-03,761
68.87,2013-09-12,762
68.97,2013-09-22,763
70.09,2013-10-02,764
69.96,2013-10-12,765
72.29,2013-10-22,766
72.24,2013-11-01,767
70.3,2013-11-11,768
70.27,2013-11-21,769
69.71,2013-12-01,770
65.11,2013-12-11,771
65.62,2013-12-21,772
66.87,2013-12-31,773
65.83,2014-01-09,774
66.64,2014-01-19,775
66.29,2014-01-29,776
67.39,2014-02-08,777
69,2014-02-18,778
69.47,2014-02-28,779
67.99,2014-03-10,780
67.24,2014-03-20,781
67.58,2014-03-30,782
65.72,2014-04-09,783
63.4,2014-04-19,784
61.51,2014-04-28,785
62.01,2014-05-08,786
60.73,2014-05-18,787
62.14,2014-05-28,788
63.36,2014-06-07,789
62.97,2014-06-17,790
65.8,2014-06-27,791
68.15,2014-07-07,792
69.32,2014-07-17,793
68.5,2014-07-27,794
72.17,2014-08-06,795
73.6,2014-08-16,796
74.35,2014-08-25,797
73.86,2014-09-04,798
74.96,2014-09-14,799
72.91,2014-09-24,800
75.04,2014-10-04,801
78.31,2014-10-14,802
77.21,2014-10-24,803
73.47,2014-11-03,804
72.99,2014-11-13,805
69.36,2014-11-23,806
71.72,2014-12-03,807
77.74,2014-12-13,808
73.94,2014-12-22,809
68.35,2015-01-01,810
71.46,2015-01-11,811
71.68,2015-01-21,812
74.75,2015-01-31,813
73.78,2015-02-10,814
77.57,2015-02-20,815
75.88,2015-03-02,816
73.33,2015-03-12,817
73.42,2015-03-22,818
75.41,2015-04-01,819
74.28,2015-04-11,820
74.09,2015-04-20,821
73.67,2015-04-30,822
71.41,2015-05-10,823
69.89,2015-05-20,824
73.47,2015-05-30,825
75.54,2015-06-09,826
77.27,2015-06-19,827
78.95,2015-06-29,828
79.38,2015-07-09,829
81.77,2015-07-19,830
82.34,2015-07-29,831
83.45,2015-08-08,832
82.24,2015-08-17,833
89,2015-08-27,834
89.29,2015-09-06,835
88.54,2015-09-16,836
88.75,2015-09-26,837
89.7,2015-10-06,838
90,2015-10-16,839
92.16,2015-10-26,840
88.63,2015-11-05,841
85.38,2015-11-15,842
88.68,2015-11-25,843
85.89,2015-12-05,844
82.79,2015-12-14,845
80.83,2015-12-24,846
79.02,2016-01-03,847
84.34,2016-01-13,848
86.87,2016-01-23,849
81.29,2016-02-02,850
84.31,2016-02-12,851
83.28,2016-02-22,852
83.63,2016-03-03,853
82.44,2016-03-13,854
85.06,2016-03-23,855
81.75,2016-04-01,856
80.99,2016-04-11,857
78.06,2016-04-21,858
77.15,2016-05-01,859
75.34,2016-05-11,860
75.12,2016-05-21,861
78.17,2016-05-31,862
78.61,2016-06-10,863
80.66,2016-06-20,864
79.74,2016-06-30,865
79.84,2016-07-10,866
80.09,2016-07-20,867
78.32,2016-07-29,868
78.88,2016-08-08,869
78.95,2016-08-18,870
83.82,2016-08-28,871
86.21,2016-09-07,872
85.23,2016-09-17,873
82.79,2016-09-27,874
82.27,2016-10-07,875
84.9,2016-10-17,876
86.01,2016-10-27,877
85.58,2016-11-06,878
86.85,2016-11-16,879
89.21,2016-11-25,880
84.51,2016-12-05,881
81.76,2016-12-15,882
81.09,2016-12-25,883
79.77,2017-01-04,884
80.14,2017-01-14,885
78.33,2017-01-24,886
77.57,2017-02-03,887
77.01,2017-02-13,888
79.01,2017-02-23,889
78.41,2017-03-05,890
79.13,2017-03-15,891
80.22,2017-03-24,892
80.87,2017-04-03,893
78.38,2017-04-13,894
78.75,2017-04-23,895
76.99,2017-05-03,896
77.42,2017-05-13,897
74.42,2017-05-23,898
77.83,2017-06-02,899
78.6,2017-06-12,900
78.66,2017-06-22,901
78.37,2017-07-02,902
78.9,2017-07-12,903
81.14,2017-07-21,904
85.64,2017-07-31,905
85.03,2017-08-10,906
85.5,2017-08-20,907
88.04,2017-08-30,908
90.08,2017-09-09,909
89.89,2017-09-19,910
87.6,2017-09-29,911
87.63,2017-10-09,912
88.62,2017-10-19,913
89.01,2017-10-29,914
91.46,2017-11-08,915
89.98,2017-11-17,916
91.27,2017-11-27,917
89.28,2017-12-07,918
88.59,2017-12-17,919
84.99,2017-12-27,920
84.34,2018-01-06,921
83.98,2018-01-16,922
84.51,2018-01-26,923
86.35,2018-02-05,924
84.17,2018-02-15,925
81.39,2018-02-25,926
84.86,2018-03-07,927
84.74,2018-03-16,928
81.45,2018-03-26,929
79,2018-04-05,930
80.47,2018-04-15,931
80.65,2018-04-25,932
81.59,2018-05-05,933
81.22,2018-05-15,934
81.05,2018-05-25,935
83.39,2018-06-04,936
82.93,2018-06-14,937
81.53,2018-06-24,938
81.71,2018-07-03,939
84.95,2018-07-13,940
87.16,2018-07-23,941
86.44,2018-08-02,942
87.41,2018-08-12,943
88.93,2018-08-22,944
91.33,2018-09-01,945
94.83,2018-09-11,946
94.01,2018-09-21,947
97.4,2018-10-01,948
95.24,2018-10-11,949
95.64,2018-10-21,950
96.95,2018-10-30,951
94.06,2018-11-09,952
91.45,2018-11-19,953
89.29,2018-11-29,954
89.91,2018-12-09,955
88.95,2018-12-19,956
88.14,2018-12-29,957
86.76,2019-01-08,958
92.22,2019-01-18,959
89.23,2019-01-28,960
91.39,2019-02-07,961
89.51,2019-02-17,962
88.88,2019-02-26,963
89.6,2019-03-08,964
91.9,2019-03-18,965
89.1,2019-03-28,966
87.77,2019-04-07,967
85.98,2019-04-17,968
89.77,2019-04-27,969
90.88,2019-05-07,970
89.32,2019-05-17,971
88.26,2019-05-27,972
88.61,2019-06-06,973
91.36,2019-06-16,974
90.52,2019-06-25,975
90.66,2019-07-05,976
93.14,2019-07-15,977
92.99,2019-07-25,978
93.98,2019-08-04,979
98.32,2019-08-14,980
101.4,2019-08-24,981
100.44,2019-09-03,982
102.31,2019-09-13,983
101.93,2019-09-23,984
99.62,2019-10-03,985
100.85,2019-10-13,986
98.07,2019-10-22,987
96.53,2019-11-01,988
100.64,2019-11-11,989
99.9,2019-11-21,990
98.26,2019-12-01,991
98.07,2019-12-11,992
94.47,2019-12-21,993
93.86,2019-12-31,994
90.85,2020-01-10,995
88.9,2020-01-20,996
91.26,2020-01-30,997
85.61,2020-02-09,998
91.76,2020-02-18,999
90.73,2020-02-28,1000
93.05,2020-03-09,1001
90.17,2020-03-19,1002
90.91,2020-03-29,1003
90.09,2020-04-08,1004
88.21,2020-04-18,1005
91.56,2020-04-28,1006
94.23,2020-05-08,1007
93.06,2020-05-18,1008
90.72,2020-05-28,1009
91.65,2020-06-07,1010
88.54,2020-06-16,1011
90.28,2020-06-26,1012
91.58,2020-07-06,1013
93.33,2020-07-16,1014
94.18,2020-07-26,1015
95.1,2020-08-05,1016
94.35,2020-08-15,1017
95.38,2020-08-25,1018
97.07,2020-09-04,1019
97.89,2020-09-14,1020
98.73,2020-09-24,1021
99.77,2020-10-04,1022
101.03,2020-10-14,1023
103.17,2020-10-24,1024
101.76,2020-11-03,1025
101.63,2020-11-13,1026
102.79,2020-11-23,1027
103.08,2020-12-03,1028
103.36,2020-12-13,1029
103.58,2020-12-23,1030
102.96,2021-01-02,1031
102.39,2021-01-12,1032
101.46,2021-01-22,1033
99.32,2021-02-01,1034
99.92,2021-02-11,1035
98.65,2021-02-21,1036
98.74,2021-03-03,1037
98.75,2021-03-13,1038
98.79,2021-03-23,1039
97.34,2021-04-02,1040
99.02,2021-04-12,1041
98.23,2021-04-22,1042
98.08,2021-05-02,1043
97.88,2021-05-12,1044
98.9,2021-05-22,1045
98.12,2021-06-01,1046
97.84,2021-06-11,1047
96.97,2021-06-21,1048
96.34,2021-07-01,1049
96.36,2021-07-11,1050
95.8,2021-07-21,1051
96.48,2021-07-31,1052
97.33,2021-08-10,1053
98.19,2021-08-20,1054
97.72,2021-08-30,1055
98.76,2021-09-09,1056
100.44,2021-09-19,1057
101.26,2021-09-29,1058
102.1,2021-10-09,1059
103.15,2021-10-19,1060
104.4,2021-10-29,1061
106.55,2021-11-08,1062
105.13,2021-11-18,1063
105,2021-11-28,1064
106.16,2021-12-08,1065
106.45,2021-12-18,1066
106.73,2021-12-28,1067
106.96,2022-01-07,1068
106.33,2022-01-17,1069
105.77,2022-01-27,1070
104.84,2022-02-06,1071
102.7,2022-02-16,1072
103.29,2022-02-26,1073
102.02,2022-03-08,1074
102.11,2022-03-18,1075
102.13,2022-03-28,1076
102.16,2022-04-07,1077
100.71,2022-04-17,1078
102.39,2022-04-27,1079
101.6,2022-05-07,1080
101.45,2022-05-17,1081
101.25,2022-05-27,1082
102.28,2022-06-06,1083
101.49,2022-06-16,1084
101.21,2022-06-26,1085
100.34,2022-07-06,1086
99.71,2022-07-16,1087
99.73,2022-07-26,1088
99.17,2022-08-05,1089
99.85,2022-08-15,1090
100.7,2022-08-25,1091
101.57,2022-09-04,1092
101.09,2022-09-14,1093
102.13,2022-09-24,1094
103.81,2022-10-04,1095
104.64,2022-10-14,1096
105.47,2022-10-24,1097
106.52,2022-11-03,1098
107.78,2022-11-13,1099
109.92,2022-11-23,1100
108.5,2022-12-03,1101
108.37,2022-12-13,1102
109.54,2022-12-23,1103
109.82,2023-01-02,1104
110.1,2023-01-12,1105
110.33,2023-01-22,1106
109.7,2023-02-01,1107
109.14,2023-02-11,1108
108.21,2023-02-21,1109
106.07,2023-03-03,1110
106.66,2023-03-13,1111
105.39,2023-03-23,1112
105.49,2023-04-02,1113
105.5,2023-04-12,1114
105.53,2023-04-22,1115
104.08,2023-05-02,1116
105.77,2023-05-12,1117
104.98,2023-05-22,1118
104.82,2023-06-01,1119
104.62,2023-06-11,1120
105.65,2023-06-21,1121
104.87,2023-07-01,1122
104.58,2023-07-11,1123
103.71,2023-07-21,1124
103.09,2023-07-31,1125
103.1,2023-08-10,1126
102.55,2023-08-20,1127
103.22,2023-08-30,1128
104.08,2023-09-09,1129
104.94,2023-09-19,1130
104.46,2023-09-29,1131
105.5,2023-10-09,1132
107.19,2023-10-19,1133
108.01,2023-10-29,1134
108.85,2023-11-08,1135
109.89,2023-11-18,1136
111.15,2023-11-28,1137
113.29,2023-12-08,1138
111.87,2023-12-18,1139
111.74,2023-12-28,1140
112.91,2024-01-07,1141
113.2,2024-01-17,1142
113.47,2024-01-27,1143
113.7,2024-02-06,1144
113.08,2024-02-16,1145
112.51,2024-02-26,1146
111.58,2024-03-07,1147
109.44,2024-03-17,1148
110.03,2024-03-27,1149
108.76,2024-04-06,1150
108.86,2024-04-16,1151
108.87,2024-04-26,1152
108.91,2024-05-06,1153
107.46,2024-05-16,1154
109.14,2024-05-26,1155
108.35,2024-06-05,1156
108.2,2024-06-15,1157
107.99,2024-06-25,1158
109.02,2024-07-05,1159
108.24,2024-07-15,1160
107.95,2024-07-25,1161
107.09,2024-08-04,1162
106.46,2024-08-14,1163
106.47,2024-08-24,1164
105.92,2024-09-03,1165
106.6,2024-09-13,1166
107.45,2024-09-23,1167
108.31,2024-10-03,1168
107.84,2024-10-13,1169
108.87,2024-10-23,1170
110.56,2024-11-02,1171
111.38,2024-11-12,1172
112.22,2024-11-22,1173
113.27,2024-12-02,1174
114.52,2024-12-12,1175
116.66,2024-12-22,1176
115.25,2025-01-01,1177
115.12,2025-01-11,1178
116.28,2025-01-21,1179
116.57,2025-01-31,1180
116.85,2025-02-10,1181
117.07,2025-02-20,1182
116.45,2025-03-02,1183
115.89,2025-03-12,1184
114.95,2025-03-22,1185
112.81,2025-04-01,1186
113.41,2025-04-11,1187
112.14,2025-04-21,1188
112.23,2025-05-01,1189
112.24,2025-05-11,1190
112.28,2025-05-21,1191
110.83,2025-05-31,1192
112.51,2025-06-10,1193
111.72,2025-06-20,1194
111.57,2025-06-30,1195
111.37,2025-07-10,1196
112.39,2025-07-20,1197
111.61,2025-07-30,1198
111.33,2025-08-09,1199
110.46,2025-08-19,1200
109.83,2025-08-29,1201
109.85,2025-09-08,1202
109.29,2025-09-18,1203
109.97,2025-09-28,1204
110.82,2025-10-08,1205
111.68,2025-10-18,1206
111.21,2025-10-28,1207
112.25,2025-11-07,1208
113.93,2025-11-17,1209
114.76,2025-11-27,1210
115.59,2025-12-07,1211
116.64,2025-12-17,1212
117.9,2025-12-27,1213
120.04,2026-01-06,1214
118.62,2026-01-16,1215
118.49,2026-01-26,1216
119.65,2026-02-05,1217
119.94,2026-02-15,1218
120.22,2026-02-25,1219
120.45,2026-03-07,1220
119.82,2026-03-17,1221
119.26,2026-03-27,1222
118.33,2026-04-06,1223
116.19,2026-04-16,1224
116.78,2026-04-26,1225
115.51,2026-05-06,1226
115.6,2026-05-16,1227
115.62,2026-05-26,1228
115.65,2026-06-05,1229
114.2,2026-06-15,1230
115.88,2026-06-25,1231
115.09,2026-07-05,1232
114.94,2026-07-15,1233
114.74,2026-07-25,1234
115.77,2026-08-04,1235
114.99,2026-08-14,1236
114.7,2026-08-24,1237
113.83,2026-09-03,1238
113.2,2026-09-13,1239
113.22,2026-09-23,1240
112.66,2026-10-03,1241
113.34,2026-10-13,1242
114.19,2026-10-23,1243
115.06,2026-11-02,1244
114.58,2026-11-12,1245
115.62,2026-11-22,1246
117.31,2026-12-02,1247
118.13,2026-12-12,1248
118.96,2026-12-22,1249
120.01,2027-01-01,1250
121.27,2027-01-11,1251
123.41,2027-01-21,1252
121.99,2027-01-31,1253
121.86,2027-02-10,1254
123.03,2027-02-20,1255
123.31,2027-03-02,1256
123.59,2027-03-12,1257
123.82,2027-03-22,1258
123.19,2027-04-01,1259
122.63,2027-04-11,1260
121.7,2027-04-21,1261
119.56,2027-05-01,1262
120.15,2027-05-11,1263
118.88,2027-05-21,1264
118.98,2027-05-31,1265
118.99,2027-06-10,1266
119.02,2027-06-20,1267
117.58,2027-06-30,1268
119.26,2027-07-10,1269
118.47,2027-07-20,1270
118.31,2027-07-30,1271
118.11,2027-08-09,1272
119.14,2027-08-19,1273
118.36,2027-08-29,1274
118.07,2027-09-08,1275
117.21,2027-09-18,1276
116.58,2027-09-28,1277
116.59,2027-10-08,1278
116.04,2027-10-18,1279
116.71,2027-10-28,1280
117.57,2027-11-07,1281
118.43,2027-11-17,1282
117.95,2027-11-27,1283
118.99,2027-12-07,1284
120.68,2027-12-17,1285
121.5,2027-12-27,1286
122.34,2028-01-06,1287
123.38,2028-01-16,1288
124.64,2028-01-26,1289
126.78,2028-02-05,1290
125.36,2028-02-15,1291
125.24,2028-02-25,1292
126.4,2028-03-06,1293
126.69,2028-03-16,1294
126.97,2028-03-26,1295
127.19,2028-04-05,1296
126.57,2028-04-15,1297
126,2028-04-25,1298
125.07,2028-05-05,1299
122.93,2028-05-15,1300
123.52,2028-05-25,1301
122.25,2028-06-04,1302
122.35,2028-06-14,1303
122.36,2028-06-24,1304
122.4,2028-07-04,1305
120.95,2028-07-14,1306
122.63,2028-07-24,1307
121.84,2028-08-03,1308
121.69,2028-08-13,1309
121.48,2028-08-23,1310
122.51,2028-09-02,1311
121.73,2028-09-12,1312
121.44,2028-09-22,1313
120.58,2028-10-02,1314
119.95,2028-10-12,1315
119.96,2028-10-22,1316
119.41,2028-11-01,1317
120.09,2028-11-11,1318
120.94,2028-11-21,1319
121.8,2028-12-01,1320
121.33,2028-12-11,1321
122.36,2028-12-21,1322
124.05,2028-12-31,1323
124.87,2029-01-10,1324
125.71,2029-01-20,1325
126.76,2029-01-30,1326
128.01,2029-02-09,1327
130.15,2029-02-19,1328
128.74,2029-03-01,1329
128.61,2029-03-11,1330
129.77,2029-03-21,1331
130.06,2029-03-31,1332
130.34,2029-04-10,1333
130.57,2029-04-20,1334
129.94,2029-04-30,1335
129.38,2029-05-10,1336
128.44,2029-05-20,1337
126.3,2029-05-30,1338
126.9,2029-06-09,1339
125.63,2029-06-19,1340
125.72,2029-06-29,1341
125.73,2029-07-09,1342
125.77,2029-07-19,1343
124.32,2029-07-29,1344
126,2029-08-08,1345
125.21,2029-08-18,1346
125.06,2029-08-28,1347
124.86,2029-09-07,1348
125.88,2029-09-17,1349
125.1,2029-09-27,1350
124.82,2029-10-07,1351
123.95,2029-10-17,1352
123.32,2029-10-27,1353
123.34,2029-11-06,1354
122.78,2029-11-16,1355
123.46,2029-11-26,1356
124.31,2029-12-06,1357
125.17,2029-12-16,1358
124.7,2029-12-26,1359
125.74,2030-01-05,1360
127.42,2030-01-15,1361
128.25,2030-01-25,1362
129.08,2030-02-04,1363
130.13,2030-02-14,1364
131.39,2030-02-24,1365
133.53,2030-03-06,1366
132.11,2030-03-16,1367
131.98,2030-03-26,1368
133.14,2030-04-05,1369
133.43,2030-04-15,1370
133.71,2030-04-25,1371
133.94,2030-05-05,1372
133.31,2030-05-15,1373
132.75,2030-05-25,1374
131.82,2030-06-04,1375
129.68,2030-06-14,1376
130.27,2030-06-24,1377
129,2030-07-04,1378
129.09,2030-07-14,1379
129.11,2030-07-24,1380
129.14,2030-08-03,1381
127.69,2030-08-13,1382
129.38,2030-08-23,1383
128.58,2030-09-02,1384
128.43,2030-09-12,1385
128.23,2030-09-22,1386
129.26,2030-10-02,1387
128.48,2030-10-12,1388
128.19,2030-10-22,1389
127.32,2030-11-01,1390
126.69,2030-11-11,1391
126.71,2030-11-21,1392
126.15,2030-12-01,1393
126.83,2030-12-11,1394
127.68,2030-12-21,1395
128.55,2030-12-31,1396
128.07,2031-01-10,1397
129.11,2031-01-20,1398
130.8,2031-01-30,1399
131.62,2031-02-09,1400
132.45,2031-02-19,1401
133.5,2031-03-01,1402
134.76,2031-03-11,1403
136.9,2031-03-21,1404
135.48,2031-03-31,1405
135.35,2031-04-10,1406
136.52,2031-04-20,1407
136.81,2031-04-30,1408
137.08,2031-05-10,1409
137.31,2031-05-20,1410
136.69,2031-05-30,1411
136.12,2031-06-09,1412
135.19,2031-06-19,1413
133.05,2031-06-29,1414
133.64,2031-07-09,1415
132.37,2031-07-19,1416
