"GMSL","year","id","sea_higher","sea_lower"
5.8,1993-01-05,1,5.8,5.8
2.42,1993-01-15,2,2.42,2.42
2.46,1993-01-25,3,2.46,2.46
1.72,1993-02-03,4,1.72,1.72
6.53,1993-02-13,5,6.53,6.53
8.3,1993-02-23,6,8.3,8.3
8.28,1993-03-05,7,8.28,8.28
8.87,1993-03-15,8,8.87,8.87
8.92,1993-03-25,9,8.92,8.92
5.14,1993-04-04,10,5.14,5.14
6.87,1993-04-14,11,6.87,6.87
9.87,1993-04-24,12,9.87,9.87
7.76,1993-05-04,13,7.76,7.76
5.59,1993-05-14,14,5.59,5.59
4.16,1993-05-24,15,4.16,4.16
6.07,1993-06-02,16,6.07,6.07
8.36,1993-06-12,17,8.36,8.36
9.17,1993-06-22,18,9.17,9.17
9.01,1993-07-02,19,9.01,9.01
8.59,1993-07-12,20,8.59,8.59
15.93,1993-07-22,21,15.93,15.93
8.73,1993-08-01,22,8.73,8.73
10.26,1993-08-11,23,10.26,10.26
14.12,1993-08-21,24,14.12,14.12
14.62,1993-08-31,25,14.62,14.62
13.86,1993-09-10,26,13.86,13.86
12.41,1993-09-20,27,12.41,12.41
15.58,1993-09-29,28,15.58,15.58
17.8,1993-10-09,29,17.8,17.8
15.05,1993-10-19,30,15.05,15.05
13.46,1993-10-29,31,13.46,13.46
12.89,1993-11-08,32,12.89,12.89
11.93,1993-11-18,33,11.93,11.93
10.08,1993-11-28,34,10.08,10.08
12.13,1993-12-08,35,12.13,12.13
16.03,1993-12-18,36,16.03,16.03
13.26,1993-12-28,37,13.26,13.26
11.07,1994-01-07,38,11.07,11.07
13.53,1994-01-17,39,13.53,13.53
15.09,1994-01-26,40,15.09,15.09
10.29,1994-02-05,41,10.29,10.29
6.98,1994-02-15,42,6.98,6.98
7.6,1994-02-25,43,7.6,7.6
12.14,1994-03-07,44,12.14,12.14
9.15,1994-03-17,45,9.15,9.15
15.71,1994-03-27,46,15.71,15.71
12.47,1994-04-06,47,12.47,12.47
12.7,1994-04-16,48,12.7,12.7
11.09,1994-04-26,49,11.09,11.09
9.78,1994-05-06,50,9.78,9.78
9.2,1994-05-15,51,9.2,9.2
6.46,1994-05-25,52,6.46,6.46
8.93,1994-06-04,53,8.93,8.93
11.78,1994-06-14,54,11.78,11.78
4.07,1994-06-24,55,4.07,4.07
5.81,1994-07-04,56,5.81,5.81
11.58,1994-07-14,57,11.58,11.58
12.93,1994-07-24,58,12.93,12.93
13.05,1994-08-03,59,13.05,13.05
12.72,1994-08-13,60,12.72,12.72
15.52,1994-08-23,61,15.52,15.52
17.38,1994-09-02,62,17.38,17.38
19.01,1994-09-11,63,19.01,19.01
18.22,1994-09-21,64,18.22,18.22
17.29,1994-10-01,65,17.29,17.29
18.83,1994-10-11,66,18.83,18.83
21.02,1994-10-21,67,21.02,21.02
18.77,1994-10-31,68,18.77,18.77
24.37,1994-11-10,69,24.37,24.37
16,1994-11-20,70,16,16
12.28,1994-11-30,71,12.28,12.28
16.55,1994-12-10,72,16.55,16.55
18.41,1994-12-20,73,18.41,18.41
19.46,1994-12-30,74,19.46,19.46
19.67,1995-01-08,75,19.67,19.67
16.8,1995-01-18,76,16.8,16.8
19.13,1995-01-28,77,19.13,19.13
13.92,1995-02-07,78,13.92,13.92
10.35,1995-02-17,79,10.35,10.35
15.48,1995-02-27,80,15.48,15.48
15.39,1995-03-09,81,15.39,15.39
20.48,1995-03-19,82,20.48,20.48
13.79,1995-03-29,83,13.79,13.79
13.04,1995-04-08,84,13.04,13.04
13.1,1995-04-18,85,13.1,13.1
14.25,1995-04-28,86,14.25,14.25
6.4,1995-05-07,87,6.4,6.4
10.93,1995-05-17,88,10.93,10.93
12.6,1995-05-27,89,12.6,12.6
15.27,1995-06-06,90,15.27,15.27
12.3,1995-06-16,91,12.3,12.3
11.06,1995-06-26,92,11.06,11.06
15.14,1995-07-06,93,15.14,15.14
12,1995-07-16,94,12,12
13.44,1995-07-26,95,13.44,13.44
14.17,1995-08-05,96,14.17,14.17
16.16,1995-08-15,97,16.16,16.16
17.3,1995-08-25,98,17.3,17.3
20.03,1995-09-03,99,20.03,20.03
21.55,1995-09-13,100,21.55,21.55
26.97,1995-09-23,101,26.97,26.97
21.36,1995-10-03,102,21.36,21.36
20.31,1995-10-13,103,20.31,20.31
14.05,1995-10-23,104,14.05,14.05
19.8,1995-11-02,105,19.8,19.8
18.8,1995-11-12,106,18.8,18.8
20.4,1995-11-22,107,20.4,20.4
0,1995-12-02,108,0,0
16.87,1995-12-12,109,16.87,16.87
22.56,1995-12-22,110,22.56,22.56
17.66,1995-12-31,111,17.66,17.66
13.82,1996-01-10,112,13.82,13.82
12.12,1996-01-20,113,12.12,12.12
10.75,1996-01-30,114,10.75,10.75
16.84,1996-02-09,115,16.84,16.84
13.23,1996-02-19,116,13.23,13.23
16.93,1996-02-29,117,16.93,16.93
13.55,1996-03-10,118,13.55,13.55
15.37,1996-03-20,119,15.37,15.37
15.33,1996-03-30,120,15.33,15.33
12.03,1996-04-09,121,12.03,12.03
11.99,1996-04-19,122,11.99,11.99
14.82,1996-04-28,123,14.82,14.82
14.84,1996-05-08,124,14.84,14.84
13.43,1996-05-18,125,13.43,13.43
15.3,1996-05-28,126,15.3,15.3
15.57,1996-06-07,127,15.57,15.57
10.69,1996-06-17,128,10.69,10.69
16.26,1996-06-27,129,16.26,16.26
16.65,1996-07-07,130,16.65,16.65
18.12,1996-07-17,131,18.12,18.12
22.3,1996-07-27,132,22.3,22.3
20.23,1996-08-06,133,20.23,20.23
20.38,1996-08-15,134,20.38,20.38
20.28,1996-08-25,135,20.28,20.28
19.18,1996-09-04,136,19.18,19.18
21.96,1996-09-14,137,21.96,21.96
24.35,1996-09-24,138,24.35,24.35
24.84,1996-10-04,139,24.84,24.84
17.73,1996-10-14,140,17.73,17.73
26.34,1996-10-24,141,26.34,26.34
30.4,1996-11-03,142,30.4,30.4
25.5,1996-11-13,143,25.5,25.5
20.41,1996-11-23,144,20.41,20.41
21.22,1996-12-03,145,21.22,21.22
21.77,1996-12-12,146,21.77,21.77
16.04,1996-12-22,147,16.04,16.04
14.9,1997-01-01,148,14.9,14.9
17.04,1997-01-11,149,17.04,17.04
14.39,1997-01-21,150,14.39,14.39
16.78,1997-01-31,151,16.78,16.78
9.54,1997-02-10,152,9.54,9.54
14.92,1997-02-20,153,14.92,14.92
15.12,1997-03-02,154,15.12,15.12
14.75,1997-03-12,155,14.75,14.75
17.04,1997-03-22,156,17.04,17.04
18.34,1997-04-01,157,18.34,18.34
19.43,1997-04-10,158,19.43,19.43
14.44,1997-04-20,159,14.44,14.44
15.66,1997-04-30,160,15.66,15.66
18.71,1997-05-10,161,18.71,18.71
14.71,1997-05-20,162,14.71,14.71
18.76,1997-05-30,163,18.76,18.76
13.63,1997-06-09,164,13.63,13.63
16.11,1997-06-19,165,16.11,16.11
19,1997-06-29,166,19,19
19.71,1997-07-09,167,19.71,19.71
24.51,1997-07-19,168,24.51,24.51
24.04,1997-07-29,169,24.04,24.04
19.43,1997-08-07,170,19.43,19.43
26.3,1997-08-17,171,26.3,26.3
28.48,1997-08-27,172,28.48,28.48
29.36,1997-09-06,173,29.36,29.36
32,1997-09-16,174,32,32
34.22,1997-09-26,175,34.22,34.22
35.96,1997-10-06,176,35.96,35.96
32.24,1997-10-16,177,32.24,32.24
31.17,1997-10-26,178,31.17,31.17
32.43,1997-11-05,179,32.43,32.43
28.56,1997-11-15,180,28.56,28.56
27.81,1997-11-25,181,27.81,27.81
29.38,1997-12-04,182,29.38,29.38
21.27,1997-12-14,183,21.27,21.27
23.04,1997-12-24,184,23.04,23.04
19.94,1998-01-03,185,19.94,19.94
23.6,1998-01-13,186,23.6,23.6
19.37,1998-01-23,187,19.37,19.37
22.2,1998-02-02,188,22.2,22.2
22.09,1998-02-12,189,22.09,22.09
20.9,1998-02-22,190,20.9,20.9
19.58,1998-03-04,191,19.58,19.58
22.16,1998-03-14,192,22.16,22.16
22.12,1998-03-24,193,22.12,22.12
21.33,1998-04-02,194,21.33,21.33
23.22,1998-04-12,195,23.22,23.22
20.73,1998-04-22,196,20.73,20.73
20.1,1998-05-02,197,20.1,20.1
17.47,1998-05-12,198,17.47,17.47
18.96,1998-05-22,199,18.96,18.96
14.51,1998-06-01,200,14.51,14.51
15.21,1998-06-11,201,15.21,15.21
13.96,1998-06-21,202,13.96,13.96
17.06,1998-07-01,203,17.06,17.06
16.64,1998-07-11,204,16.64,16.64
15.13,1998-07-20,205,15.13,15.13
16.51,1998-07-30,206,16.51,16.51
16.65,1998-08-09,207,16.65,16.65
16.4,1998-08-19,208,16.4,16.4
19.94,1998-08-29,209,19.94,19.94
21.22,1998-09-08,210,21.22,21.22
20.58,1998-09-18,211,20.58,20.58
20.72,1998-09-28,212,20.72,20.72
21.8,1998-10-08,213,21.8,21.8
20.2,1998-10-18,214,20.2,20.2
22.58,1998-10-28,215,22.58,22.58
20.38,1998-11-07,216,20.38,20.38
20.21,1998-11-16,217,20.21,20.21
16.46,1998-11-26,218,16.46,16.46
20.66,1998-12-06,219,20.66,20.66
16.72,1998-12-16,220,16.72,16.72
17.88,1998-12-26,221,17.88,17.88
16.13,1999-01-05,222,16.13,16.13
18.02,1999-01-15,223,18.02,18.02
15.95,1999-01-25,224,15.95,15.95
13.44,1999-02-04,225,13.44,13.44
23.94,1999-02-14,226,23.94,23.94
21.03,1999-02-24,227,21.03,21.03
22.63,1999-03-06,228,22.63,22.63
20.83,1999-03-15,229,20.83,20.83
21.86,1999-03-25,230,21.86,21.86
19.66,1999-04-04,231,19.66,19.66
20.72,1999-04-14,232,20.72,20.72
15.58,1999-04-24,233,15.58,15.58
17.57,1999-05-04,234,17.57,17.57
19.49,1999-05-14,235,19.49,19.49
18.31,1999-05-24,236,18.31,18.31
19.45,1999-06-03,237,19.45,19.45
15.99,1999-06-13,238,15.99,15.99
17.94,1999-06-23,239,17.94,17.94
19.13,1999-07-03,240,19.13,19.13
21.21,1999-07-12,241,21.21,21.21
21.11,1999-07-22,242,21.11,21.11
22.12,1999-08-01,243,22.12,22.12
20.85,1999-08-11,244,20.85,20.85
26.15,1999-08-21,245,26.15,26.15
22.9,1999-08-31,246,22.9,22.9
26.82,1999-09-10,247,26.82,26.82
30.27,1999-09-20,248,30.27,30.27
29.52,1999-09-30,249,29.52,29.52
32.81,1999-10-10,250,32.81,32.81
29.81,1999-10-20,251,29.81,29.81
29.17,1999-10-30,252,29.17,29.17
27.81,1999-11-08,253,27.81,27.81
28.6,1999-11-18,254,28.6,28.6
26.21,1999-11-28,255,26.21,26.21
28.29,1999-12-08,256,28.29,28.29
27.3,1999-12-18,257,27.3,27.3
26.75,1999-12-28,258,26.75,26.75
24.71,2000-01-07,259,24.71,24.71
25.68,2000-01-17,260,25.68,25.68
25.97,2000-01-27,261,25.97,25.97
22.21,2000-02-06,262,22.21,22.21
21.37,2000-02-16,263,21.37,21.37
24.72,2000-02-26,264,24.72,24.72
24.6,2000-03-06,265,24.6,24.6
22.55,2000-03-16,266,22.55,22.55
26.03,2000-03-26,267,26.03,26.03
20.7,2000-04-05,268,20.7,20.7
20.79,2000-04-15,269,20.79,20.79
21.85,2000-04-25,270,21.85,21.85
20,2000-05-05,271,20,20
21.05,2000-05-15,272,21.05,21.05
21.15,2000-05-25,273,21.15,21.15
21,2000-06-04,274,21,21
20.03,2000-06-14,275,20.03,20.03
19.43,2000-06-24,276,19.43,19.43
21.41,2000-07-03,277,21.41,21.41
23.29,2000-07-13,278,23.29,23.29
23.7,2000-07-23,279,23.7,23.7
21.14,2000-08-02,280,21.14,21.14
24.97,2000-08-12,281,24.97,24.97
29.91,2000-08-22,282,29.91,29.91
27.35,2000-09-01,283,27.35,27.35
28.51,2000-09-11,284,28.51,28.51
33.27,2000-09-21,285,33.27,33.27
35.67,2000-10-01,286,35.67,35.67
36.34,2000-10-11,287,36.34,36.34
33.55,2000-10-20,288,33.55,33.55
42.17,2000-10-30,289,42.17,42.17
34.29,2000-11-09,290,34.29,34.29
31.01,2000-11-19,291,31.01,31.01
29.68,2000-11-29,292,29.68,29.68
26.11,2000-12-09,293,26.11,26.11
25.86,2000-12-19,294,25.86,25.86
28.62,2000-12-29,295,28.62,28.62
27.3,2001-01-08,296,27.3,27.3
28.02,2001-01-18,297,28.02,28.02
26.97,2001-01-28,298,26.97,26.97
27.81,2001-02-07,299,27.81,27.81
25.31,2001-02-16,300,25.31,25.31
29.2,2001-02-26,301,29.2,29.2
32.18,2001-03-08,302,32.18,32.18
24.98,2001-03-18,303,24.98,24.98
28.68,2001-03-28,304,28.68,28.68
27.73,2001-04-07,305,27.73,27.73
30.31,2001-04-17,306,30.31,30.31
28.45,2001-04-27,307,28.45,28.45
25.78,2001-05-07,308,25.78,25.78
25.34,2001-05-17,309,25.34,25.34
25.1,2001-05-27,310,25.1,25.1
25.09,2001-06-06,311,25.09,25.09
24.72,2001-06-15,312,24.72,24.72
29.13,2001-06-25,313,29.13,29.13
31.68,2001-07-05,314,31.68,31.68
32.52,2001-07-15,315,32.52,32.52
28.68,2001-07-25,316,28.68,28.68
33.57,2001-08-04,317,33.57,33.57
32.15,2001-08-14,318,32.15,32.15
34.07,2001-08-24,319,34.07,34.07
36.12,2001-09-03,320,36.12,36.12
39.06,2001-09-13,321,39.06,39.06
40.26,2001-09-23,322,40.26,40.26
42.29,2001-10-03,323,42.29,42.29
37.91,2001-10-12,324,37.91,37.91
34.02,2001-10-22,325,34.02,34.02
37.85,2001-11-01,326,37.85,37.85
39.1,2001-11-11,327,39.1,39.1
34.04,2001-11-21,328,34.04,34.04
32.54,2001-12-01,329,32.54,32.54
30.77,2001-12-11,330,30.77,30.77
31.58,2001-12-21,331,31.58,31.58
33.01,2001-12-31,332,33.01,33.01
28.65,2002-01-10,333,28.65,28.65
30.72,2002-01-20,334,30.72,30.72
33.84,2002-01-30,335,33.84,33.84
31.4,2002-02-08,336,31.4,31.4
30.77,2002-02-18,337,30.77,30.77
33.77,2002-02-28,338,33.77,33.77
28.07,2002-03-10,339,28.07,28.07
29.25,2002-03-20,340,29.25,29.25
30.19,2002-03-30,341,30.19,30.19
32.68,2002-04-09,342,32.68,32.68
28.83,2002-04-19,343,28.83,28.83
30.09,2002-04-29,344,30.09,30.09
28.18,2002-05-09,345,28.18,28.18
29.84,2002-05-19,346,29.84,29.84
29.76,2002-05-29,347,29.76,29.76
26.74,2002-06-07,348,26.74,26.74
27.89,2002-06-17,349,27.89,27.89
32.64,2002-06-27,350,32.64,32.64
31.78,2002-07-07,351,31.78,31.78
34.32,2002-07-17,352,34.32,34.32
36.12,2002-07-27,353,36.12,36.12
38.56,2002-08-06,354,38.56,38.56
42.1,2002-08-16,355,42.1,42.1
39.12,2002-08-26,356,39.12,39.12
39.77,2002-09-05,357,39.77,39.77
41.34,2002-09-15,358,41.34,41.34
42.24,2002-09-25,359,42.24,42.24
41.01,2002-10-04,360,41.01,41.01
43.17,2002-10-14,361,43.17,43.17
47.78,2002-10-24,362,47.78,47.78
42.48,2002-11-03,363,42.48,42.48
42.65,2002-11-13,364,42.65,42.65
41.95,2002-11-23,365,41.95,41.95
37.83,2002-12-03,366,37.83,37.83
37.35,2002-12-13,367,37.35,37.35
37.74,2002-12-23,368,37.74,37.74
34.96,2003-01-02,369,34.96,34.96
32.7,2003-01-12,370,32.7,32.7
39.71,2003-01-21,371,39.71,39.71
39.11,2003-01-31,372,39.11,39.11
40.93,2003-02-10,373,40.93,40.93
34.88,2003-02-20,374,34.88,34.88
35,2003-03-02,375,35,35
35.92,2003-03-12,376,35.92,35.92
37.13,2003-03-22,377,37.13,37.13
36.63,2003-04-01,378,36.63,36.63
37.14,2003-04-11,379,37.14,37.14
35.42,2003-04-21,380,35.42,35.42
33.96,2003-05-01,381,33.96,33.96
33.99,2003-05-11,382,33.99,33.99
33.99,2003-05-20,383,33.99,33.99
33.82,2003-05-30,384,33.82,33.82
31.22,2003-06-09,385,31.22,31.22
34.02,2003-06-19,386,34.02,34.02
33.03,2003-06-29,387,33.03,33.03
34.57,2003-07-09,388,34.57,34.57
37.93,2003-07-19,389,37.93,37.93
36.64,2003-07-29,390,36.64,36.64
38.44,2003-08-08,391,38.44,38.44
37.18,2003-08-18,392,37.18,37.18
42.66,2003-08-28,393,42.66,42.66
44.47,2003-09-07,394,44.47,44.47
43.02,2003-09-16,395,43.02,43.02
43.61,2003-09-26,396,43.61,43.61
45.05,2003-10-06,397,45.05,45.05
44.02,2003-10-16,398,44.02,44.02
46.33,2003-10-26,399,46.33,46.33
43.04,2003-11-05,400,43.04,43.04
40.48,2003-11-15,401,40.48,40.48
35.36,2003-11-25,402,35.36,35.36
42.06,2003-12-05,403,42.06,42.06
42.14,2003-12-15,404,42.14,42.14
38.1,2003-12-25,405,38.1,38.1
37.77,2004-01-04,406,37.77,37.77
42.39,2004-01-13,407,42.39,42.39
42.35,2004-01-23,408,42.35,42.35
39.79,2004-02-02,409,39.79,39.79
32.7,2004-02-12,410,32.7,32.7
37.41,2004-02-22,411,37.41,37.41
38.91,2004-03-03,412,38.91,38.91
36.98,2004-03-13,413,36.98,36.98
36.87,2004-03-23,414,36.87,36.87
38.46,2004-04-02,415,38.46,38.46
36.85,2004-04-12,416,36.85,36.85
38.5,2004-04-22,417,38.5,38.5
34.13,2004-05-02,418,34.13,34.13
32.58,2004-05-11,419,32.58,32.58
28.74,2004-05-21,420,28.74,28.74
32.29,2004-05-31,421,32.29,32.29
31.17,2004-06-10,422,31.17,31.17
33.66,2004-06-20,423,33.66,33.66
39.36,2004-06-30,424,39.36,39.36
39.62,2004-07-10,425,39.62,39.62
38.92,2004-07-20,426,38.92,38.92
38.07,2004-07-30,427,38.07,38.07
40.32,2004-08-09,428,40.32,40.32
44.1,2004-08-19,429,44.1,44.1
43.97,2004-08-29,430,43.97,43.97
44.42,2004-09-07,431,44.42,44.42
48.97,2004-09-17,432,48.97,48.97
45.82,2004-09-27,433,45.82,45.82
46.1,2004-10-07,434,46.1,46.1
47.22,2004-10-17,435,47.22,47.22
44.85,2004-10-27,436,44.85,44.85
44.8,2004-11-06,437,44.8,44.8
44.7,2004-11-16,438,44.7,44.7
41.03,2004-11-26,439,41.03,41.03
44.91,2004-12-06,440,44.91,44.91
43.15,2004-12-16,441,43.15,43.15
46.82,2004-12-26,442,46.82,46.82
39.02,2005-01-04,443,39.02,39.02
38.33,2005-01-14,444,38.33,38.33
41.98,2005-01-24,445,41.98,41.98
42.96,2005-02-03,446,42.96,42.96
42.73,2005-02-13,447,42.73,42.73
41.5,2005-02-23,448,41.5,41.5
45.75,2005-03-05,449,45.75,45.75
44.53,2005-03-15,450,44.53,44.53
39.1,2005-03-25,451,39.1,39.1
40.93,2005-04-04,452,40.93,40.93
44.29,2005-04-14,453,44.29,44.29
38.6,2005-04-23,454,38.6,38.6
39.77,2005-05-03,455,39.77,39.77
40.76,2005-05-13,456,40.76,40.76
40.88,2005-05-23,457,40.88,40.88
40.58,2005-06-02,458,40.58,40.58
40.71,2005-06-12,459,40.71,40.71
41.89,2005-06-22,460,41.89,41.89
40.73,2005-07-02,461,40.73,40.73
44.03,2005-07-12,462,44.03,44.03
42.3,2005-07-22,463,42.3,42.3
45.73,2005-08-01,464,45.73,45.73
43.84,2005-08-11,465,43.84,43.84
44.95,2005-08-20,466,44.95,44.95
46.89,2005-08-30,467,46.89,46.89
48.12,2005-09-09,468,48.12,48.12
50.37,2005-09-19,469,50.37,50.37
50.63,2005-09-29,470,50.63,50.63
50.23,2005-10-09,471,50.23,50.23
47.3,2005-10-19,472,47.3,47.3
48.32,2005-10-29,473,48.32,48.32
51.57,2005-11-08,474,51.57,51.57
50.06,2005-11-18,475,50.06,50.06
50.08,2005-11-28,476,50.08,50.08
48.22,2005-12-08,477,48.22,48.22
47.12,2005-12-17,478,47.12,47.12
46.49,2005-12-27,479,46.49,46.49
43.44,2006-01-06,480,43.44,43.44
42.21,2006-01-16,481,42.21,42.21
42.47,2006-01-26,482,42.47,42.47
42.46,2006-02-05,483,42.46,42.46
41.22,2006-02-15,484,41.22,41.22
42.23,2006-02-25,485,42.23,42.23
44.62,2006-03-07,486,44.62,44.62
38.38,2006-03-17,487,38.38,38.38
40.37,2006-03-27,488,40.37,40.37
41.24,2006-04-06,489,41.24,41.24
39.21,2006-04-15,490,39.21,39.21
37.95,2006-04-25,491,37.95,37.95
37.95,2006-05-05,492,37.95,37.95
41.06,2006-05-15,493,41.06,41.06
42.88,2006-05-25,494,42.88,42.88
41.28,2006-06-04,495,41.28,41.28
42.64,2006-06-14,496,42.64,42.64
43.3,2006-06-24,497,43.3,43.3
45.88,2006-07-04,498,45.88,45.88
47.28,2006-07-14,499,47.28,47.28
46.47,2006-07-24,500,46.47,46.47
46.64,2006-08-03,501,46.64,46.64
44.59,2006-08-12,502,44.59,44.59
47.51,2006-08-22,503,47.51,47.51
51.35,2006-09-01,504,51.35,51.35
53.88,2006-09-11,505,53.88,53.88
55.26,2006-09-21,506,55.26,55.26
51.19,2006-10-01,507,51.19,51.19
51.13,2006-10-11,508,51.13,51.13
53.77,2006-10-21,509,53.77,53.77
53.58,2006-10-31,510,53.58,53.58
51.93,2006-11-20,511,51.93,51.93
47.61,2006-11-30,512,47.61,47.61
50.41,2006-12-09,513,50.41,50.41
46.97,2006-12-19,514,46.97,46.97
46.98,2006-12-29,515,46.98,46.98
45.58,2007-01-08,516,45.58,45.58
44.18,2007-01-18,517,44.18,44.18
43.79,2007-01-28,518,43.79,43.79
43.32,2007-02-07,519,43.32,43.32
44.32,2007-02-17,520,44.32,44.32
48.34,2007-02-27,521,48.34,48.34
45.07,2007-03-09,522,45.07,45.07
44.25,2007-03-19,523,44.25,44.25
42.76,2007-03-29,524,42.76,42.76
45.66,2007-04-07,525,45.66,45.66
45.35,2007-04-17,526,45.35,45.35
44.09,2007-04-27,527,44.09,44.09
39.12,2007-05-07,528,39.12,39.12
42.18,2007-05-17,529,42.18,42.18
42.63,2007-05-27,530,42.63,42.63
42.64,2007-06-06,531,42.64,42.64
42.34,2007-06-16,532,42.34,42.34
43.67,2007-06-26,533,43.67,43.67
44.39,2007-07-06,534,44.39,44.39
43.19,2007-07-16,535,43.19,43.19
42.01,2007-07-25,536,42.01,42.01
43.79,2007-08-04,537,43.79,43.79
49.75,2007-08-14,538,49.75,49.75
47.24,2007-08-24,539,47.24,47.24
46.41,2007-09-03,540,46.41,46.41
47.61,2007-09-13,541,47.61,47.61
51.46,2007-09-23,542,51.46,51.46
49.65,2007-10-03,543,49.65,49.65
49.14,2007-10-13,544,49.14,49.14
52.13,2007-10-23,545,52.13,52.13
49.83,2007-11-02,546,49.83,49.83
51.64,2007-11-12,547,51.64,51.64
52.72,2007-11-21,548,52.72,52.72
50.68,2007-12-01,549,50.68,50.68
49.21,2007-12-11,550,49.21,49.21
44.02,2007-12-21,551,44.02,44.02
43.32,2007-12-31,552,43.32,43.32
45.67,2008-01-10,553,45.67,45.67
46.74,2008-01-20,554,46.74,46.74
45.54,2008-01-30,555,45.54,45.54
41.59,2008-02-09,556,41.59,41.59
44.06,2008-02-19,557,44.06,44.06
41.51,2008-02-29,558,41.51,41.51
43.85,2008-03-10,559,43.85,43.85
44.21,2008-03-19,560,44.21,44.21
42.05,2008-03-29,561,42.05,42.05
41.52,2008-04-08,562,41.52,41.52
41.51,2008-04-18,563,41.51,41.51
38.86,2008-04-28,564,38.86,38.86
40.73,2008-05-08,565,40.73,40.73
45.31,2008-05-18,566,45.31,45.31
48.31,2008-05-28,567,48.31,48.31
46.61,2008-06-07,568,46.61,46.61
47.45,2008-06-17,569,47.45,47.45
48.76,2008-06-27,570,48.76,48.76
48.2,2008-07-07,571,48.2,48.2
47.95,2008-07-16,572,47.95,47.95
48.81,2008-07-26,573,48.81,48.81
48.88,2008-08-05,574,48.88,48.88
51.99,2008-08-15,575,51.99,51.99
51.5,2008-08-25,576,51.5,51.5
52.6,2008-09-04,577,52.6,52.6
51.66,2008-09-14,578,51.66,51.66
53.55,2008-09-24,579,53.55,53.55
54.32,2008-10-04,580,54.32,54.32
54.95,2008-10-14,581,54.95,54.95
55.17,2008-10-24,582,55.17,55.17
53.27,2008-11-03,583,53.27,53.27
53,2008-11-12,584,53,53
51.38,2008-11-22,585,51.38,51.38
55.71,2008-12-02,586,55.71,55.71
51.05,2008-12-12,587,51.05,51.05
47.54,2008-12-22,588,47.54,47.54
48.61,2009-01-01,589,48.61,48.61
48.15,2009-01-11,590,48.15,48.15
49.94,2009-01-21,591,49.94,49.94
47.16,2009-01-31,592,47.16,47.16
46.3,2009-02-10,593,46.3,46.3
48.81,2009-02-20,594,48.81,48.81
49.08,2009-03-02,595,49.08,49.08
48.92,2009-03-11,596,48.92,48.92
49.61,2009-03-21,597,49.61,49.61
48.41,2009-03-31,598,48.41,48.41
47.46,2009-04-10,599,47.46,47.46
47.78,2009-04-20,600,47.78,47.78
47.07,2009-04-30,601,47.07,47.07
48.21,2009-05-10,602,48.21,48.21
46.86,2009-05-20,603,46.86,46.86
45.2,2009-05-30,604,45.2,45.2
48.02,2009-06-09,605,48.02,48.02
48.94,2009-06-19,606,48.94,48.94
47.58,2009-06-29,607,47.58,47.58
46.99,2009-07-08,608,46.99,46.99
50.56,2009-07-18,609,50.56,50.56
55.84,2009-07-28,610,55.84,55.84
54.27,2009-08-07,611,54.27,54.27
54.62,2009-08-17,612,54.62,54.62
56.58,2009-08-27,613,56.58,56.58
58.48,2009-09-06,614,58.48,58.48
61.03,2009-09-16,615,61.03,61.03
61.42,2009-09-26,616,61.42,61.42
60.79,2009-10-06,617,60.79,60.79
61.74,2009-10-16,618,61.74,61.74
63.22,2009-10-25,619,63.22,63.22
63.82,2009-11-04,620,63.82,63.82
59.79,2009-11-14,621,59.79,59.79
60.71,2009-11-24,622,60.71,60.71
58.23,2009-12-04,623,58.23,58.23
54.66,2009-12-14,624,54.66,54.66
58.79,2009-12-24,625,58.79,58.79
54.51,2010-01-03,626,54.51,54.51
54.25,2010-01-13,627,54.25,54.25
52.69,2010-01-23,628,52.69,52.69
50.12,2010-02-02,629,50.12,50.12
54.43,2010-02-12,630,54.43,54.43
57.5,2010-02-21,631,57.5,57.5
59.12,2010-03-03,632,59.12,59.12
51.09,2010-03-13,633,51.09,51.09
51.74,2010-03-23,634,51.74,51.74
50.96,2010-04-02,635,50.96,50.96
52.76,2010-04-12,636,52.76,52.76
51.83,2010-04-22,637,51.83,51.83
50.51,2010-05-02,638,50.51,50.51
51.39,2010-05-12,639,51.39,51.39
54.62,2010-05-22,640,54.62,54.62
53.34,2010-06-01,641,53.34,53.34
54.17,2010-06-11,642,54.17,54.17
55.64,2010-06-20,643,55.64,55.64
54.92,2010-06-30,644,54.92,54.92
52.97,2010-07-10,645,52.97,52.97
55.03,2010-07-20,646,55.03,55.03
54.86,2010-07-30,647,54.86,54.86
53.58,2010-08-09,648,53.58,53.58
55.64,2010-08-19,649,55.64,55.64
52.08,2010-08-29,650,52.08,52.08
55.17,2010-09-08,651,55.17,55.17
56.62,2010-09-18,652,56.62,56.62
55.52,2010-09-28,653,55.52,55.52
54.34,2010-10-08,654,54.34,54.34
58.62,2010-10-17,655,58.62,58.62
56.7,2010-10-27,656,56.7,56.7
54.31,2010-11-06,657,54.31,54.31
54.54,2010-11-16,658,54.54,54.54
51.15,2010-11-26,659,51.15,51.15
51.1,2010-12-06,660,51.1,51.1
50.18,2010-12-16,661,50.18,50.18
51.91,2010-12-26,662,51.91,51.91
49.55,2011-01-05,663,49.55,49.55
48.41,2011-01-15,664,48.41,48.41
48.54,2011-01-25,665,48.54,48.54
48.82,2011-02-04,666,48.82,48.82
49.15,2011-02-13,667,49.15,49.15
48.87,2011-02-23,668,48.87,48.87
47.58,2011-03-05,669,47.58,47.58
47.73,2011-03-15,670,47.73,47.73
43.6,2011-03-25,671,43.6,43.6
46.31,2011-04-04,672,46.31,46.31
46.31,2011-04-14,673,46.31,46.31
45.54,2011-04-24,674,45.54,45.54
42.42,2011-05-04,675,42.42,42.42
47.29,2011-05-14,676,47.29,47.29
47.94,2011-05-24,677,47.94,47.94
46.61,2011-06-03,678,46.61,46.61
50.67,2011-06-12,679,50.67,50.67
53.67,2011-06-22,680,53.67,53.67
50.73,2011-07-02,681,50.73,50.73
51.06,2011-07-12,682,51.06,51.06
51.7,2011-07-22,683,51.7,51.7
53.69,2011-08-01,684,53.69,53.69
58.21,2011-08-11,685,58.21,58.21
59.1,2011-08-21,686,59.1,59.1
61.13,2011-08-31,687,61.13,61.13
60.37,2011-09-10,688,60.37,60.37
58.47,2011-09-20,689,58.47,58.47
60.55,2011-09-30,690,60.55,60.55
62.42,2011-10-09,691,62.42,62.42
64.37,2011-10-19,692,64.37,64.37
58.64,2011-10-29,693,58.64,58.64
56.24,2011-11-08,694,56.24,56.24
57.31,2011-11-18,695,57.31,57.31
60.41,2011-11-28,696,60.41,60.41
57.91,2011-12-08,697,57.91,57.91
56.72,2011-12-18,698,56.72,56.72
56.29,2011-12-28,699,56.29,56.29
59.14,2012-01-07,700,59.14,59.14
58.22,2012-01-17,701,58.22,58.22
59.91,2012-01-26,702,59.91,59.91
58.67,2012-02-05,703,58.67,58.67
59.64,2012-02-15,704,59.64,59.64
58.66,2012-02-25,705,58.66,58.66
56.83,2012-03-06,706,56.83,56.83
56.74,2012-03-16,707,56.74,56.74
57.78,2012-03-26,708,57.78,57.78
56.43,2012-04-05,709,56.43,56.43
56.88,2012-04-15,710,56.88,56.88
57.64,2012-04-25,711,57.64,57.64
57.04,2012-05-05,712,57.04,57.04
57.58,2012-05-15,713,57.58,57.58
55.72,2012-05-24,714,55.72,55.72
57.42,2012-06-03,715,57.42,57.42
61.86,2012-06-13,716,61.86,61.86
60.27,2012-06-23,717,60.27,60.27
60.22,2012-07-03,718,60.22,60.22
64.69,2012-07-13,719,64.69,64.69
67.16,2012-07-23,720,67.16,67.16
66.39,2012-08-02,721,66.39,66.39
67.37,2012-08-12,722,67.37,67.37
64.4,2012-08-22,723,64.4,64.4
69.36,2012-09-01,724,69.36,69.36
69.21,2012-09-11,725,69.21,69.21
72.53,2012-09-20,726,72.53,72.53
72.61,2012-09-30,727,72.61,72.61
73.34,2012-10-10,728,73.34,73.34
71.41,2012-10-20,729,71.41,71.41
71.12,2012-10-30,730,71.12,71.12
71.33,2012-11-09,731,71.33,71.33
70.24,2012-11-19,732,70.24,70.24
69.08,2012-11-29,733,69.08,69.08
71.67,2012-12-09,734,71.67,71.67
67.51,2012-12-19,735,67.51,67.51
68.82,2012-12-29,736,68.82,68.82
67.05,2013-01-08,737,67.05,67.05
65.8,2013-01-17,738,65.8,65.8
68.2,2013-01-27,739,68.2,68.2
67.64,2013-02-06,740,67.64,67.64
65.71,2013-02-16,741,65.71,65.71
65.94,2013-02-26,742,65.94,65.94
67.11,2013-03-08,743,67.11,67.11
66.1,2013-03-18,744,66.1,66.1
66.37,2013-03-28,745,66.37,66.37
64.75,2013-04-07,746,64.75,64.75
60.3,2013-04-17,747,60.3,60.3
62.63,2013-04-27,748,62.63,62.63
62.93,2013-05-07,749,62.93,62.93
60.14,2013-05-16,750,60.14,60.14
59.1,2013-05-26,751,59.1,59.1
59.46,2013-06-05,752,59.46,59.46
59.58,2013-06-15,753,59.58,59.58
61.63,2013-06-25,754,61.63,61.63
60.58,2013-07-05,755,60.58,60.58
61.66,2013-07-15,756,61.66,61.66
65.11,2013-07-25,757,65.11,65.11
66.47,2013-08-04,758,66.47,66.47
62.64,2013-08-14,759,62.64,62.64
65.67,2013-08-24,760,65.67,65.67
67.81,2013-09-03,761,67.81,67.81
68.87,2013-09-12,762,68.87,68.87
68.97,2013-09-22,763,68.97,68.97
70.09,2013-10-02,764,70.09,70.09
69.96,2013-10-12,765,69.96,69.96
72.29,2013-10-22,766,72.29,72.29
72.24,2013-11-01,767,72.24,72.24
70.3,2013-11-11,768,70.3,70.3
70.27,2013-11-21,769,70.27,70.27
69.71,2013-12-01,770,69.71,69.71
65.11,2013-12-11,771,65.11,65.11
65.62,2013-12-21,772,65.62,65.62
66.87,2013-12-31,773,66.87,66.87
65.83,2014-01-09,774,65.83,65.83
66.64,2014-01-19,775,66.64,66.64
66.29,2014-01-29,776,66.29,66.29
67.39,2014-02-08,777,67.39,67.39
69,2014-02-18,778,69,69
69.47,2014-02-28,779,69.47,69.47
67.99,2014-03-10,780,67.99,67.99
67.24,2014-03-20,781,67.24,67.24
67.58,2014-03-30,782,67.58,67.58
65.72,2014-04-09,783,65.72,65.72
63.4,2014-04-19,784,63.4,63.4
61.51,2014-04-28,785,61.51,61.51
62.01,2014-05-08,786,62.01,62.01
60.73,2014-05-18,787,60.73,60.73
62.14,2014-05-28,788,62.14,62.14
63.36,2014-06-07,789,63.36,63.36
62.97,2014-06-17,790,62.97,62.97
65.8,2014-06-27,791,65.8,65.8
68.15,2014-07-07,792,68.15,68.15
69.32,2014-07-17,793,69.32,69.32
68.5,2014-07-27,794,68.5,68.5
72.17,2014-08-06,795,72.17,72.17
73.6,2014-08-16,796,73.6,73.6
74.35,2014-08-25,797,74.35,74.35
73.86,2014-09-04,798,73.86,73.86
74.96,2014-09-14,799,74.96,74.96
72.91,2014-09-24,800,72.91,72.91
75.04,2014-10-04,801,75.04,75.04
78.31,2014-10-14,802,78.31,78.31
77.21,2014-10-24,803,77.21,77.21
73.47,2014-11-03,804,73.47,73.47
72.99,2014-11-13,805,72.99,72.99
69.36,2014-11-23,806,69.36,69.36
71.72,2014-12-03,807,71.72,71.72
77.74,2014-12-13,808,77.74,77.74
73.94,2014-12-22,809,73.94,73.94
68.35,2015-01-01,810,68.35,68.35
71.46,2015-01-11,811,71.46,71.46
71.68,2015-01-21,812,71.68,71.68
74.75,2015-01-31,813,74.75,74.75
73.78,2015-02-10,814,73.78,73.78
77.57,2015-02-20,815,77.57,77.57
75.88,2015-03-02,816,75.88,75.88
73.33,2015-03-12,817,73.33,73.33
73.42,2015-03-22,818,73.42,73.42
75.41,2015-04-01,819,75.41,75.41
74.28,2015-04-11,820,74.28,74.28
74.09,2015-04-20,821,74.09,74.09
73.67,2015-04-30,822,73.67,73.67
71.41,2015-05-10,823,71.41,71.41
69.89,2015-05-20,824,69.89,69.89
73.47,2015-05-30,825,73.47,73.47
75.54,2015-06-09,826,75.54,75.54
77.27,2015-06-19,827,77.27,77.27
78.95,2015-06-29,828,78.95,78.95
79.38,2015-07-09,829,79.38,79.38
81.77,2015-07-19,830,81.77,81.77
82.34,2015-07-29,831,82.34,82.34
83.45,2015-08-08,832,83.45,83.45
82.24,2015-08-17,833,82.24,82.24
89,2015-08-27,834,89,89
89.29,2015-09-06,835,89.29,89.29
88.54,2015-09-16,836,88.54,88.54
88.75,2015-09-26,837,88.75,88.75
89.7,2015-10-06,838,89.7,89.7
90,2015-10-16,839,90,90
92.16,2015-10-26,840,92.16,92.16
88.63,2015-11-05,841,88.63,88.63
85.38,2015-11-15,842,85.38,85.38
88.68,2015-11-25,843,88.68,88.68
85.89,2015-12-05,844,85.89,85.89
82.79,2015-12-14,845,82.79,82.79
80.83,2015-12-24,846,80.83,80.83
79.02,2016-01-03,847,79.02,79.02
84.34,2016-01-13,848,84.34,84.34
86.87,2016-01-23,849,86.87,86.87
81.29,2016-02-02,850,81.29,81.29
84.31,2016-02-12,851,84.31,84.31
83.28,2016-02-22,852,83.28,83.28
83.63,2016-03-03,853,83.63,83.63
82.44,2016-03-13,854,82.44,82.44
85.06,2016-03-23,855,85.06,85.06
81.75,2016-04-01,856,81.75,81.75
80.99,2016-04-11,857,80.99,80.99
78.06,2016-04-21,858,78.06,78.06
77.15,2016-05-01,859,77.15,77.15
75.34,2016-05-11,860,75.34,75.34
75.12,2016-05-21,861,75.12,75.12
78.17,2016-05-31,862,78.17,78.17
78.61,2016-06-10,863,78.61,78.61
80.66,2016-06-20,864,80.66,80.66
79.74,2016-06-30,865,79.74,79.74
79.84,2016-07-10,866,79.84,79.84
80.09,2016-07-20,867,80.09,80.09
78.32,2016-07-29,868,78.32,78.32
78.88,2016-08-08,869,78.88,78.88
78.95,2016-08-18,870,78.95,78.95
83.82,2016-08-28,871,83.82,83.82
86.21,2016-09-07,872,86.21,86.21
85.23,2016-09-17,873,85.23,85.23
82.79,2016-09-27,874,82.79,82.79
82.27,2016-10-07,875,82.27,82.27
84.9,2016-10-17,876,84.9,84.9
86.01,2016-10-27,877,86.01,86.01
85.58,2016-11-06,878,85.58,85.58
86.85,2016-11-16,879,86.85,86.85
89.21,2016-11-25,880,89.21,89.21
84.51,2016-12-05,881,84.51,84.51
81.76,2016-12-15,882,81.76,81.76
81.09,2016-12-25,883,81.09,81.09
79.77,2017-01-04,884,79.77,79.77
80.14,2017-01-14,885,80.14,80.14
78.33,2017-01-24,886,78.33,78.33
77.57,2017-02-03,887,77.57,77.57
77.01,2017-02-13,888,77.01,77.01
79.01,2017-02-23,889,79.01,79.01
78.41,2017-03-05,890,78.41,78.41
79.13,2017-03-15,891,79.13,79.13
80.22,2017-03-24,892,80.22,80.22
80.87,2017-04-03,893,80.87,80.87
78.38,2017-04-13,894,78.38,78.38
78.75,2017-04-23,895,78.75,78.75
76.99,2017-05-03,896,76.99,76.99
77.42,2017-05-13,897,77.42,77.42
74.42,2017-05-23,898,74.42,74.42
77.83,2017-06-02,899,77.83,77.83
78.6,2017-06-12,900,78.6,78.6
78.66,2017-06-22,901,78.66,78.66
78.37,2017-07-02,902,78.37,78.37
78.9,2017-07-12,903,78.9,78.9
81.14,2017-07-21,904,81.14,81.14
85.64,2017-07-31,905,85.64,85.64
85.03,2017-08-10,906,85.03,85.03
85.5,2017-08-20,907,85.5,85.5
88.04,2017-08-30,908,88.04,88.04
90.08,2017-09-09,909,90.08,90.08
89.89,2017-09-19,910,89.89,89.89
87.6,2017-09-29,911,87.6,87.6
87.63,2017-10-09,912,87.63,87.63
88.62,2017-10-19,913,88.62,88.62
89.01,2017-10-29,914,89.01,89.01
91.46,2017-11-08,915,91.46,91.46
89.98,2017-11-17,916,89.98,89.98
91.27,2017-11-27,917,91.27,91.27
89.28,2017-12-07,918,89.28,89.28
88.59,2017-12-17,919,88.59,88.59
84.99,2017-12-27,920,84.99,84.99
84.34,2018-01-06,921,84.34,84.34
83.98,2018-01-16,922,83.98,83.98
84.51,2018-01-26,923,84.51,84.51
86.35,2018-02-05,924,86.35,86.35
84.17,2018-02-15,925,84.17,84.17
81.39,2018-02-25,926,81.39,81.39
84.86,2018-03-07,927,84.86,84.86
84.74,2018-03-16,928,84.74,84.74
81.45,2018-03-26,929,81.45,81.45
79,2018-04-05,930,79,79
80.47,2018-04-15,931,80.47,80.47
80.65,2018-04-25,932,80.65,80.65
81.59,2018-05-05,933,81.59,81.59
81.22,2018-05-15,934,81.22,81.22
81.05,2018-05-25,935,81.05,81.05
83.39,2018-06-04,936,83.39,83.39
82.93,2018-06-14,937,82.93,82.93
81.53,2018-06-24,938,81.53,81.53
81.71,2018-07-03,939,81.71,81.71
84.95,2018-07-13,940,84.95,84.95
87.16,2018-07-23,941,87.16,87.16
86.44,2018-08-02,942,86.44,86.44
87.41,2018-08-12,943,87.41,87.41
88.93,2018-08-22,944,88.93,88.93
91.33,2018-09-01,945,91.33,91.33
94.83,2018-09-11,946,94.83,94.83
94.01,2018-09-21,947,94.01,94.01
97.4,2018-10-01,948,97.4,97.4
95.24,2018-10-11,949,95.24,95.24
95.64,2018-10-21,950,95.64,95.64
96.95,2018-10-30,951,96.95,96.95
94.06,2018-11-09,952,94.06,94.06
91.45,2018-11-19,953,91.45,91.45
89.29,2018-11-29,954,89.29,89.29
89.91,2018-12-09,955,89.91,89.91
88.95,2018-12-19,956,88.95,88.95
88.14,2018-12-29,957,88.14,88.14
86.76,2019-01-08,958,86.76,86.76
92.22,2019-01-18,959,92.22,92.22
89.23,2019-01-28,960,89.23,89.23
91.39,2019-02-07,961,91.39,91.39
89.51,2019-02-17,962,89.51,89.51
88.88,2019-02-26,963,88.88,88.88
89.6,2019-03-08,964,89.6,89.6
91.9,2019-03-18,965,91.9,91.9
89.1,2019-03-28,966,89.1,89.1
87.77,2019-04-07,967,87.77,87.77
85.98,2019-04-17,968,85.98,85.98
89.77,2019-04-27,969,89.77,89.77
90.88,2019-05-07,970,90.88,90.88
89.32,2019-05-17,971,89.32,89.32
88.26,2019-05-27,972,88.26,88.26
88.61,2019-06-06,973,88.61,88.61
91.36,2019-06-16,974,91.36,91.36
90.52,2019-06-25,975,90.52,90.52
90.66,2019-07-05,976,90.66,90.66
93.14,2019-07-15,977,93.14,93.14
92.99,2019-07-25,978,92.99,92.99
93.98,2019-08-04,979,93.98,93.98
98.32,2019-08-14,980,98.32,98.32
101.4,2019-08-24,981,101.4,101.4
100.44,2019-09-03,982,100.44,100.44
102.31,2019-09-13,983,102.31,102.31
101.93,2019-09-23,984,101.93,101.93
99.62,2019-10-03,985,99.62,99.62
100.85,2019-10-13,986,100.85,100.85
98.07,2019-10-22,987,98.07,98.07
96.53,2019-11-01,988,96.53,96.53
100.64,2019-11-11,989,100.64,100.64
99.9,2019-11-21,990,99.9,99.9
98.26,2019-12-01,991,98.26,98.26
98.07,2019-12-11,992,98.07,98.07
94.47,2019-12-21,993,94.47,94.47
93.86,2019-12-31,994,93.86,93.86
90.85,2020-01-10,995,90.85,90.85
88.9,2020-01-20,996,88.9,88.9
91.26,2020-01-30,997,91.26,91.26
85.61,2020-02-09,998,85.61,85.61
91.76,2020-02-18,999,91.76,91.76
90.73,2020-02-28,1000,90.73,90.73
93.05,2020-03-09,1001,93.05,93.05
90.17,2020-03-19,1002,90.17,90.17
90.91,2020-03-29,1003,90.91,90.91
90.09,2020-04-08,1004,90.09,90.09
88.21,2020-04-18,1005,88.21,88.21
91.56,2020-04-28,1006,91.56,91.56
94.23,2020-05-08,1007,94.23,94.23
93.06,2020-05-18,1008,93.06,93.06
90.72,2020-05-28,1009,90.72,90.72
91.65,2020-06-07,1010,91.65,91.65
88.54,2020-06-16,1011,88.54,88.54
90.28,2020-06-26,1012,90.28,90.28
91.58,2020-07-06,1013,91.58,91.58
93.33,2020-07-16,1014,93.33,93.33
94.18,2020-07-26,1015,94.18,94.18
95.1,2020-08-05,1016,95.1,95.1
94.35,2020-08-15,1017,97.23,91.46
95.38,2020-08-25,1018,98.62,92.15
97.07,2020-09-04,1019,100.63,93.51
97.89,2020-09-14,1020,101.74,94.04
98.73,2020-09-24,1021,102.85,94.6
99.77,2020-10-04,1022,104.15,95.39
101.03,2020-10-14,1023,105.65,96.41
103.17,2020-10-24,1024,108.02,98.32
101.76,2020-11-03,1025,106.83,96.68
101.63,2020-11-13,1026,106.91,96.34
102.79,2020-11-23,1027,108.27,97.31
103.08,2020-12-03,1028,108.76,97.4
103.36,2020-12-13,1029,109.23,97.49
103.58,2020-12-23,1030,109.64,97.53
102.96,2021-01-02,1031,109.19,96.73
102.39,2021-01-12,1032,108.8,95.99
101.46,2021-01-22,1033,108.03,94.89
99.32,2021-02-01,1034,106.06,92.59
99.92,2021-02-11,1035,106.81,93.02
98.65,2021-02-21,1036,105.7,91.59
98.74,2021-03-03,1037,105.95,91.53
98.75,2021-03-13,1038,106.11,91.4
98.79,2021-03-23,1039,106.29,91.28
97.34,2021-04-02,1040,104.99,89.69
99.02,2021-04-12,1041,106.81,91.23
98.23,2021-04-22,1042,106.16,90.3
98.08,2021-05-02,1043,106.15,90.01
97.88,2021-05-12,1044,106.08,89.67
98.9,2021-05-22,1045,107.24,90.57
98.12,2021-06-01,1046,106.59,89.66
97.84,2021-06-11,1047,106.43,89.24
96.97,2021-06-21,1048,105.69,88.25
96.34,2021-07-01,1049,105.19,87.49
96.36,2021-07-11,1050,105.33,87.38
95.8,2021-07-21,1051,104.89,86.71
96.48,2021-07-31,1052,105.69,87.26
97.33,2021-08-10,1053,106.66,88
98.19,2021-08-20,1054,107.64,88.74
97.72,2021-08-30,1055,107.28,88.15
98.76,2021-09-09,1056,108.43,89.08
100.44,2021-09-19,1057,110.23,90.65
101.26,2021-09-29,1058,111.17,91.36
102.1,2021-10-09,1059,112.12,92.08
103.15,2021-10-19,1060,113.27,93.02
104.4,2021-10-29,1061,114.64,94.17
106.55,2021-11-08,1062,116.89,96.2
105.13,2021-11-18,1063,115.58,94.68
105,2021-11-28,1064,115.55,94.45
106.16,2021-12-08,1065,116.82,95.51
106.45,2021-12-18,1066,117.21,95.69
106.73,2021-12-28,1067,117.59,95.87
106.96,2022-01-07,1068,117.92,95.99
106.33,2022-01-17,1069,117.4,95.27
105.77,2022-01-27,1070,116.93,94.6
104.84,2022-02-06,1071,116.1,93.57
102.7,2022-02-16,1072,114.06,91.33
103.29,2022-02-26,1073,114.75,91.83
102.02,2022-03-08,1074,113.57,90.46
102.11,2022-03-18,1075,113.76,90.46
102.13,2022-03-28,1076,113.87,90.38
102.16,2022-04-07,1077,114,90.32
100.71,2022-04-17,1078,112.65,88.78
102.39,2022-04-27,1079,114.42,90.37
101.6,2022-05-07,1080,113.72,89.48
101.45,2022-05-17,1081,113.66,89.24
101.25,2022-05-27,1082,113.55,88.95
102.28,2022-06-06,1083,114.67,89.88
101.49,2022-06-16,1084,113.98,89.01
101.21,2022-06-26,1085,113.78,88.64
100.34,2022-07-06,1086,113,87.68
99.71,2022-07-16,1087,112.46,86.97
99.73,2022-07-26,1088,112.56,86.89
99.17,2022-08-05,1089,112.09,86.25
99.85,2022-08-15,1090,112.86,86.84
100.7,2022-08-25,1091,113.8,87.61
101.57,2022-09-04,1092,114.74,88.39
101.09,2022-09-14,1093,114.35,87.83
102.13,2022-09-24,1094,115.47,88.78
103.81,2022-10-04,1095,117.25,90.38
104.64,2022-10-14,1096,118.15,91.12
105.47,2022-10-24,1097,119.07,91.88
106.52,2022-11-03,1098,120.2,92.84
107.78,2022-11-13,1099,121.54,94.02
109.92,2022-11-23,1100,123.76,96.08
108.5,2022-12-03,1101,122.42,94.58
108.37,2022-12-13,1102,122.37,94.37
109.54,2022-12-23,1103,123.62,95.45
109.82,2023-01-02,1104,123.99,95.66
110.1,2023-01-12,1105,124.34,95.86
110.33,2023-01-22,1106,124.65,96.01
109.7,2023-02-01,1107,124.1,95.31
109.14,2023-02-11,1108,123.62,94.66
108.21,2023-02-21,1109,122.76,93.65
106.07,2023-03-03,1110,120.7,91.44
106.66,2023-03-13,1111,121.37,91.95
105.39,2023-03-23,1112,120.18,90.61
105.49,2023-04-02,1113,120.35,90.63
105.5,2023-04-12,1114,120.43,90.56
105.53,2023-04-22,1115,120.54,90.52
104.08,2023-05-02,1116,119.17,89
105.77,2023-05-12,1117,120.93,90.61
104.98,2023-05-22,1118,120.21,89.74
104.82,2023-06-01,1119,120.13,89.51
104.62,2023-06-11,1120,120,89.24
105.65,2023-06-21,1121,121.1,90.19
104.87,2023-07-01,1122,120.4,89.34
104.58,2023-07-11,1123,120.18,88.98
103.71,2023-07-21,1124,119.39,88.04
103.09,2023-07-31,1125,118.83,87.34
103.1,2023-08-10,1126,118.92,87.28
102.55,2023-08-20,1127,118.43,86.66
103.22,2023-08-30,1128,119.18,87.26
104.08,2023-09-09,1129,120.11,88.04
104.94,2023-09-19,1130,121.04,88.84
104.46,2023-09-29,1131,120.64,88.29
105.5,2023-10-09,1132,121.74,89.26
107.19,2023-10-19,1133,123.5,90.87
108.01,2023-10-29,1134,124.39,91.63
108.85,2023-11-08,1135,125.3,92.39
109.89,2023-11-18,1136,126.41,93.37
111.15,2023-11-28,1137,127.74,94.56
113.29,2023-12-08,1138,129.95,96.63
111.87,2023-12-18,1139,128.6,95.15
111.74,2023-12-28,1140,128.54,94.95
112.91,2024-01-07,1141,129.77,96.05
113.2,2024-01-17,1142,130.13,96.27
113.47,2024-01-27,1143,130.47,96.48
113.7,2024-02-06,1144,130.76,96.64
113.08,2024-02-16,1145,130.21,95.95
112.51,2024-02-26,1146,129.71,95.32
111.58,2024-03-07,1147,128.84,94.32
109.44,2024-03-17,1148,126.77,92.11
110.03,2024-03-27,1149,127.43,92.64
108.76,2024-04-06,1150,126.22,91.3
108.86,2024-04-16,1151,126.38,91.33
108.87,2024-04-26,1152,126.46,91.28
108.91,2024-05-06,1153,126.56,91.25
107.46,2024-05-16,1154,125.18,89.74
109.14,2024-05-26,1155,126.92,91.35
108.35,2024-06-05,1156,126.2,90.5
108.2,2024-06-15,1157,126.11,90.28
107.99,2024-06-25,1158,125.97,90.02
109.02,2024-07-05,1159,127.06,90.98
108.24,2024-07-15,1160,126.34,90.14
107.95,2024-07-25,1161,126.12,89.79
107.09,2024-08-04,1162,125.32,88.86
106.46,2024-08-14,1163,124.75,88.16
106.47,2024-08-24,1164,124.83,88.12
105.92,2024-09-03,1165,124.34,87.5
106.6,2024-09-13,1166,125.08,88.11
107.45,2024-09-23,1167,125.99,88.9
108.31,2024-10-03,1168,126.92,89.71
107.84,2024-10-13,1169,126.5,89.17
108.87,2024-10-23,1170,127.6,90.14
110.56,2024-11-02,1171,129.35,91.77
111.38,2024-11-12,1172,130.23,92.53
112.22,2024-11-22,1173,131.13,93.31
113.27,2024-12-02,1174,132.24,94.29
114.52,2024-12-12,1175,133.56,95.49
116.66,2024-12-22,1176,135.76,97.57
115.25,2025-01-01,1177,134.4,96.09
115.12,2025-01-11,1178,134.33,95.9
116.28,2025-01-21,1179,135.56,97.01
116.57,2025-01-31,1180,135.91,97.23
116.85,2025-02-10,1181,136.24,97.45
117.07,2025-02-20,1182,136.53,97.62
116.45,2025-03-02,1183,135.96,96.93
115.89,2025-03-12,1184,135.46,96.31
114.95,2025-03-22,1185,134.59,95.32
112.81,2025-04-01,1186,132.51,93.12
113.41,2025-04-11,1187,133.16,93.66
112.14,2025-04-21,1188,131.95,92.33
112.23,2025-05-01,1189,132.1,92.36
112.24,2025-05-11,1190,132.17,92.32
112.28,2025-05-21,1191,132.26,92.29
110.83,2025-05-31,1192,130.87,90.79
112.51,2025-06-10,1193,132.61,92.41
111.72,2025-06-20,1194,131.88,91.56
111.57,2025-06-30,1195,131.78,91.35
111.37,2025-07-10,1196,131.64,91.09
112.39,2025-07-20,1197,132.72,92.06
111.61,2025-07-30,1198,132,91.23
111.33,2025-08-09,1199,131.77,90.88
110.46,2025-08-19,1200,130.96,89.96
109.83,2025-08-29,1201,130.39,89.27
109.85,2025-09-08,1202,130.46,89.23
109.29,2025-09-18,1203,129.96,88.62
109.97,2025-09-28,1204,130.7,89.24
110.82,2025-10-08,1205,131.61,90.04
111.68,2025-10-18,1206,132.52,90.84
111.21,2025-10-28,1207,132.11,90.31
112.25,2025-11-07,1208,133.2,91.29
113.93,2025-11-17,1209,134.94,92.92
114.76,2025-11-27,1210,135.82,93.69
115.59,2025-12-07,1211,136.71,94.47
116.64,2025-12-17,1212,137.81,95.46
117.9,2025-12-27,1213,139.12,96.67
120.04,2026-01-06,1214,141.32,98.75
118.62,2026-01-16,1215,139.96,97.28
118.49,2026-01-26,1216,139.88,97.1
119.65,2026-02-05,1217,141.1,98.2
119.94,2026-02-15,1218,141.45,98.44
120.22,2026-02-25,1219,141.78,98.66
120.45,2026-03-07,1220,142.06,98.83
119.82,2026-03-17,1221,141.49,98.15
119.26,2026-03-27,1222,140.98,97.54
118.33,2026-04-06,1223,140.1,96.55
116.19,2026-04-16,1224,138.02,94.36
116.78,2026-04-26,1225,138.66,94.9
115.51,2026-05-06,1226,137.45,93.57
115.6,2026-05-16,1227,137.59,93.61
115.62,2026-05-26,1228,137.66,93.57
115.65,2026-06-05,1229,137.75,93.55
114.2,2026-06-15,1230,136.35,92.05
115.88,2026-06-25,1231,138.09,93.68
115.09,2026-07-05,1232,137.35,92.84
114.94,2026-07-15,1233,137.25,92.63
114.74,2026-07-25,1234,137.1,92.38
115.77,2026-08-04,1235,138.18,93.35
114.99,2026-08-14,1236,137.45,92.52
114.7,2026-08-24,1237,137.22,92.18
113.83,2026-09-03,1238,136.41,91.26
113.2,2026-09-13,1239,135.83,90.58
113.22,2026-09-23,1240,135.9,90.54
112.66,2026-10-03,1241,135.39,89.93
113.34,2026-10-13,1242,136.12,90.56
114.19,2026-10-23,1243,137.03,91.36
115.06,2026-11-02,1244,137.94,92.17
114.58,2026-11-12,1245,137.52,91.64
115.62,2026-11-22,1246,138.61,92.63
117.31,2026-12-02,1247,140.35,94.27
118.13,2026-12-12,1248,141.22,95.04
118.96,2026-12-22,1249,142.11,95.82
120.01,2027-01-01,1250,143.2,96.82
121.27,2027-01-11,1251,144.51,98.02
123.41,2027-01-21,1252,146.71,100.11
121.99,2027-01-31,1253,145.34,98.64
121.86,2027-02-10,1254,145.26,98.46
123.03,2027-02-20,1255,146.48,99.58
123.31,2027-03-02,1256,146.81,99.81
123.59,2027-03-12,1257,147.14,100.04
123.82,2027-03-22,1258,147.42,100.22
123.19,2027-04-01,1259,146.85,99.54
122.63,2027-04-11,1260,146.33,98.93
121.7,2027-04-21,1261,145.45,97.95
119.56,2027-05-01,1262,143.36,95.76
120.15,2027-05-11,1263,144,96.3
118.88,2027-05-21,1264,142.78,94.98
118.98,2027-05-31,1265,142.93,95.02
118.99,2027-06-10,1266,142.99,94.99
119.02,2027-06-20,1267,143.08,94.97
117.58,2027-06-30,1268,141.68,93.47
119.26,2027-07-10,1269,143.41,95.11
118.47,2027-07-20,1270,142.67,94.27
118.31,2027-07-30,1271,142.56,94.06
118.11,2027-08-09,1272,142.41,93.81
119.14,2027-08-19,1273,143.49,94.79
118.36,2027-08-29,1274,142.76,93.96
118.07,2027-09-08,1275,142.52,93.63
117.21,2027-09-18,1276,141.7,92.71
116.58,2027-09-28,1277,141.12,92.03
116.59,2027-10-08,1278,141.18,92
116.04,2027-10-18,1279,140.68,91.39
116.71,2027-10-28,1280,141.4,92.02
117.57,2027-11-07,1281,142.31,92.83
118.43,2027-11-17,1282,143.22,93.64
117.95,2027-11-27,1283,142.79,93.12
118.99,2027-12-07,1284,143.88,94.11
120.68,2027-12-17,1285,145.61,95.75
121.5,2027-12-27,1286,146.48,96.52
122.34,2028-01-06,1287,147.37,97.31
123.38,2028-01-16,1288,148.46,98.31
124.64,2028-01-26,1289,149.77,99.52
126.78,2028-02-05,1290,151.95,101.61
125.36,2028-02-15,1291,150.59,100.14
125.24,2028-02-25,1292,150.5,99.97
126.4,2028-03-06,1293,151.72,101.08
126.69,2028-03-16,1294,152.05,101.32
126.97,2028-03-26,1295,152.38,101.55
127.19,2028-04-05,1296,152.65,101.73
126.57,2028-04-15,1297,152.07,101.06
126,2028-04-25,1298,151.56,100.45
125.07,2028-05-05,1299,150.67,99.47
122.93,2028-05-15,1300,148.58,97.28
123.52,2028-05-25,1301,149.22,97.83
122.25,2028-06-04,1302,148,96.51
122.35,2028-06-14,1303,148.14,96.56
122.36,2028-06-24,1304,148.2,96.52
122.4,2028-07-04,1305,148.28,96.51
120.95,2028-07-14,1306,146.88,95.02
122.63,2028-07-24,1307,148.61,96.65
121.84,2028-08-03,1308,147.86,95.82
121.69,2028-08-13,1309,147.76,95.62
121.48,2028-08-23,1310,147.6,95.37
122.51,2028-09-02,1311,148.67,96.35
121.73,2028-09-12,1312,147.94,95.52
121.44,2028-09-22,1313,147.7,95.19
120.58,2028-10-02,1314,146.88,94.28
119.95,2028-10-12,1315,146.3,93.6
119.96,2028-10-22,1316,146.36,93.57
119.41,2028-11-01,1317,145.85,92.97
120.09,2028-11-11,1318,146.57,93.6
120.94,2028-11-21,1319,147.47,94.41
121.8,2028-12-01,1320,148.38,95.22
121.33,2028-12-11,1321,147.95,94.7
122.36,2028-12-21,1322,149.03,95.69
124.05,2028-12-31,1323,150.77,97.33
124.87,2029-01-10,1324,151.64,98.11
125.71,2029-01-20,1325,152.52,98.9
126.76,2029-01-30,1326,153.61,99.9
128.01,2029-02-09,1327,154.91,101.12
130.15,2029-02-19,1328,157.1,103.21
128.74,2029-03-01,1329,155.73,101.75
128.61,2029-03-11,1330,155.64,101.57
129.77,2029-03-21,1331,156.85,102.69
130.06,2029-03-31,1332,157.18,102.94
130.34,2029-04-10,1333,157.51,103.17
130.57,2029-04-20,1334,157.78,103.35
129.94,2029-04-30,1335,157.2,102.68
129.38,2029-05-10,1336,156.68,102.07
128.44,2029-05-20,1337,155.79,101.09
126.3,2029-05-30,1338,153.7,98.91
126.9,2029-06-09,1339,154.34,99.46
125.63,2029-06-19,1340,153.11,98.14
125.72,2029-06-29,1341,153.25,98.19
125.73,2029-07-09,1342,153.31,98.16
125.77,2029-07-19,1343,153.39,98.15
124.32,2029-07-29,1344,151.98,96.66
126,2029-08-08,1345,153.71,98.3
125.21,2029-08-18,1346,152.96,97.46
125.06,2029-08-28,1347,152.86,97.26
124.86,2029-09-07,1348,152.7,97.02
125.88,2029-09-17,1349,153.77,98
125.1,2029-09-27,1350,153.03,97.18
124.82,2029-10-07,1351,152.79,96.84
123.95,2029-10-17,1352,151.97,95.93
123.32,2029-10-27,1353,151.38,95.26
123.34,2029-11-06,1354,151.44,95.23
122.78,2029-11-16,1355,150.93,94.63
123.46,2029-11-26,1356,151.65,95.27
124.31,2029-12-06,1357,152.55,96.08
125.17,2029-12-16,1358,153.45,96.9
124.7,2029-12-26,1359,153.02,96.38
125.74,2030-01-05,1360,154.1,97.37
127.42,2030-01-15,1361,155.83,99.01
128.25,2030-01-25,1362,156.7,99.79
129.08,2030-02-04,1363,157.58,100.58
130.13,2030-02-14,1364,158.67,101.59
131.39,2030-02-24,1365,159.97,102.8
133.53,2030-03-06,1366,162.15,104.9
132.11,2030-03-16,1367,160.78,103.44
131.98,2030-03-26,1368,160.69,103.27
133.14,2030-04-05,1369,161.9,104.39
133.43,2030-04-15,1370,162.23,104.63
133.71,2030-04-25,1371,162.55,104.87
133.94,2030-05-05,1372,162.82,105.05
133.31,2030-05-15,1373,162.24,104.38
132.75,2030-05-25,1374,161.72,103.78
131.82,2030-06-04,1375,160.83,102.8
129.68,2030-06-14,1376,158.73,100.62
130.27,2030-06-24,1377,159.37,101.17
129,2030-07-04,1378,158.14,99.86
129.09,2030-07-14,1379,158.28,99.91
129.11,2030-07-24,1380,158.34,99.88
129.14,2030-08-03,1381,158.41,99.87
127.69,2030-08-13,1382,157.01,98.38
129.38,2030-08-23,1383,158.73,100.02
128.58,2030-09-02,1384,157.98,99.19
128.43,2030-09-12,1385,157.87,98.99
128.23,2030-09-22,1386,157.71,98.75
129.26,2030-10-02,1387,158.78,99.73
128.48,2030-10-12,1388,158.04,98.91
128.19,2030-10-22,1389,157.8,98.58
127.32,2030-11-01,1390,156.98,97.67
126.69,2030-11-11,1391,156.39,97
126.71,2030-11-21,1392,156.45,96.97
126.15,2030-12-01,1393,155.93,96.37
126.83,2030-12-11,1394,156.65,97.01
127.68,2030-12-21,1395,157.55,97.82
128.55,2030-12-31,1396,158.45,98.64
128.07,2031-01-10,1397,158.02,98.13
129.11,2031-01-20,1398,159.1,99.12
130.8,2031-01-30,1399,160.83,100.77
131.62,2031-02-09,1400,161.69,101.55
132.45,2031-02-19,1401,162.57,102.34
133.5,2031-03-01,1402,163.66,103.35
134.76,2031-03-11,1403,164.96,104.56
136.9,2031-03-21,1404,167.14,106.66
135.48,2031-03-31,1405,165.76,105.2
135.35,2031-04-10,1406,165.68,105.03
136.52,2031-04-20,1407,166.88,106.15
136.81,2031-04-30,1408,167.21,106.4
137.08,2031-05-10,1409,167.53,106.64
137.31,2031-05-20,1410,167.8,106.82
136.69,2031-05-30,1411,167.21,106.16
136.12,2031-06-09,1412,166.69,105.55
135.19,2031-06-19,1413,165.8,104.58
133.05,2031-06-29,1414,163.7,102.4
133.64,2031-07-09,1415,164.34,102.95
132.37,2031-07-19,1416,163.11,101.64
